-- phpMyAdmin SQL Dump
-- version 4.8.4
-- https://www.phpmyadmin.net/
--
-- Host: 127.0.0.1
-- Generation Time: Feb 10, 2020 at 01:50 PM
-- Server version: 10.1.37-MariaDB
-- PHP Version: 7.3.1

SET SQL_MODE = "NO_AUTO_VALUE_ON_ZERO";
SET AUTOCOMMIT = 0;
START TRANSACTION;
SET time_zone = "+00:00";


/*!40101 SET @OLD_CHARACTER_SET_CLIENT=@@CHARACTER_SET_CLIENT */;
/*!40101 SET @OLD_CHARACTER_SET_RESULTS=@@CHARACTER_SET_RESULTS */;
/*!40101 SET @OLD_COLLATION_CONNECTION=@@COLLATION_CONNECTION */;
/*!40101 SET NAMES utf8mb4 */;

--
-- Database: `ultrabyteit_ubmis_db`
--

-- --------------------------------------------------------

--
-- Table structure for table `amc_packages`
--

CREATE TABLE `amc_packages` (
  `id` bigint(20) UNSIGNED NOT NULL,
  `name` varchar(191) COLLATE utf8mb4_unicode_ci NOT NULL,
  `slug` varchar(191) COLLATE utf8mb4_unicode_ci NOT NULL,
  `created_at` timestamp NULL DEFAULT NULL,
  `updated_at` timestamp NULL DEFAULT NULL
) ENGINE=InnoDB DEFAULT CHARSET=utf8mb4 COLLATE=utf8mb4_unicode_ci;

--
-- Dumping data for table `amc_packages`
--

INSERT INTO `amc_packages` (`id`, `name`, `slug`, `created_at`, `updated_at`) VALUES
(1, 'System', 'system', '2019-05-31 09:31:35', '2019-05-31 09:31:35'),
(2, 'Website', 'website', '2019-05-31 09:31:42', '2019-05-31 09:31:42'),
(3, 'Hosting', 'hosting', '2019-05-31 10:07:48', '2019-05-31 10:07:48');

-- --------------------------------------------------------

--
-- Table structure for table `client_follow_ups`
--

CREATE TABLE `client_follow_ups` (
  `id` bigint(20) UNSIGNED NOT NULL,
  `company_id` int(11) NOT NULL,
  `follow_up_date` date NOT NULL,
  `created_at` timestamp NULL DEFAULT NULL,
  `updated_at` timestamp NULL DEFAULT NULL
) ENGINE=InnoDB DEFAULT CHARSET=utf8mb4 COLLATE=utf8mb4_unicode_ci;

--
-- Dumping data for table `client_follow_ups`
--

INSERT INTO `client_follow_ups` (`id`, `company_id`, `follow_up_date`, `created_at`, `updated_at`) VALUES
(1, 9, '2019-06-29', '2019-06-20 06:42:31', '2019-06-20 06:42:31');

-- --------------------------------------------------------

--
-- Table structure for table `client_follow_up_by_admin`
--

CREATE TABLE `client_follow_up_by_admin` (
  `id` bigint(20) UNSIGNED NOT NULL,
  `company_id` int(11) NOT NULL,
  `follow_up_date` date NOT NULL,
  `created_at` timestamp NULL DEFAULT NULL,
  `updated_at` timestamp NULL DEFAULT NULL
) ENGINE=InnoDB DEFAULT CHARSET=utf8mb4 COLLATE=utf8mb4_unicode_ci;

--
-- Dumping data for table `client_follow_up_by_admin`
--

INSERT INTO `client_follow_up_by_admin` (`id`, `company_id`, `follow_up_date`, `created_at`, `updated_at`) VALUES
(1, 8, '2019-06-22', '2019-06-20 04:43:02', '2019-06-20 04:43:12'),
(2, 8, '2019-06-29', '2019-06-20 04:45:04', '2019-06-20 04:45:04');

-- --------------------------------------------------------

--
-- Table structure for table `companies`
--

CREATE TABLE `companies` (
  `id` int(10) UNSIGNED NOT NULL,
  `name` varchar(191) COLLATE utf8mb4_unicode_ci DEFAULT NULL,
  `address` varchar(191) COLLATE utf8mb4_unicode_ci DEFAULT NULL,
  `created_at` timestamp NULL DEFAULT NULL,
  `updated_at` timestamp NULL DEFAULT NULL
) ENGINE=InnoDB DEFAULT CHARSET=utf8mb4 COLLATE=utf8mb4_unicode_ci;

--
-- Dumping data for table `companies`
--

INSERT INTO `companies` (`id`, `name`, `address`, `created_at`, `updated_at`) VALUES
(8, 'Longwood Int\'l Education Network pvt. ltd', 'Basundhara, Kathmandu', '2018-09-23 09:17:14', '2018-09-23 09:17:14'),
(9, 'Dewan consultants pvt.ltd', NULL, '2018-09-23 09:37:17', '2018-09-23 09:37:17'),
(10, 'Merit intl Education pvt.ltd', NULL, '2018-09-25 03:39:22', '2018-09-25 03:39:22'),
(11, 'merit', NULL, '2018-09-25 03:43:26', '2018-09-25 03:43:26'),
(12, 'Osaka', NULL, '2018-09-26 02:59:21', '2018-09-26 02:59:21'),
(13, 'Ambitious Nepal Intl Education Consultancy', NULL, '2018-09-26 03:15:38', '2018-09-26 03:15:38'),
(14, 'Lalitpur Nursing campus', NULL, '2018-09-27 07:30:07', '2018-09-27 07:30:07'),
(15, 'Roaming Nepal Travels and Tours', NULL, '2018-09-27 07:36:51', '2018-09-27 07:36:51'),
(16, 'Roaming Nepal Travels and Tours', NULL, '2018-09-27 07:36:51', '2018-09-27 07:36:51'),
(17, 'Bajra Human Resource', NULL, '2018-09-27 07:39:59', '2018-09-27 07:39:59'),
(18, 'Man Overseas pvt.ltd', NULL, '2018-09-27 07:43:10', '2018-09-27 07:43:10'),
(19, 'Mav Overseas pvt.ltd', NULL, '2018-09-27 07:47:43', '2018-09-27 07:47:43'),
(20, 'Madina Intl services', NULL, '2018-09-27 07:48:37', '2018-09-27 07:48:37'),
(21, 'Kidzee-Sanepa', NULL, '2018-09-27 07:51:14', '2018-09-27 07:51:14'),
(22, 'Sister Cafe and Beauty', NULL, '2018-09-27 07:54:08', '2018-09-27 07:54:08'),
(23, 'Surshala Music Academy', NULL, '2018-09-27 07:57:54', '2018-09-27 07:57:54'),
(24, 'Utility', NULL, '2018-09-27 10:14:50', '2018-09-27 10:14:50'),
(25, 'civil Education Network', NULL, '2018-09-28 09:57:43', '2018-09-28 09:57:43'),
(26, 'Wilson international Education', NULL, '2018-09-28 09:59:39', '2018-09-28 09:59:39'),
(27, 'Uniglobe Int\'t Edcational Foundation', NULL, '2018-09-28 10:01:58', '2018-09-28 10:01:58'),
(28, 'Ace travels.com', NULL, '2018-09-28 10:08:36', '2018-09-28 10:08:36'),
(29, 'Merit', NULL, '2018-09-28 10:12:04', '2018-09-28 10:12:04'),
(30, 'Presidental Business School', NULL, '2018-09-28 10:14:31', '2018-09-28 10:14:31'),
(31, 'Veams', NULL, '2018-09-28 10:16:54', '2018-09-28 10:16:54'),
(32, 'Vedshala Education and Migration Services', NULL, '2018-10-01 03:11:43', '2018-10-01 03:11:43'),
(33, 'Mate\'s Education', NULL, '2018-10-01 03:15:35', '2018-10-01 03:15:35'),
(34, 'New Light', NULL, '2018-10-01 03:28:22', '2018-10-01 03:28:22'),
(35, 'New Light', NULL, '2018-10-01 03:28:23', '2018-10-01 03:28:23'),
(36, 'Dream emt Consulting', NULL, '2018-10-01 08:41:46', '2018-10-01 08:41:46'),
(37, 'Nirwana International', NULL, '2018-10-02 04:21:04', '2018-10-02 04:21:04'),
(38, 'school abraod pvt ltd', NULL, '2018-10-02 04:30:50', '2018-10-02 04:30:50'),
(39, 'VIISA Valley international', NULL, '2018-10-02 04:34:25', '2018-10-02 04:34:25'),
(40, 'bridge education foundation', NULL, '2018-10-02 04:38:59', '2018-10-02 04:38:59'),
(41, 'compass international education', NULL, '2018-10-02 04:41:39', '2018-10-02 04:41:39'),
(42, 'oasis education group pvt ltd', NULL, '2018-10-02 04:44:17', '2018-10-02 04:44:17'),
(43, 'united knowledge', NULL, '2018-10-02 04:48:08', '2018-10-02 04:48:08'),
(44, 'global moon consultancy pvt ltd', NULL, '2018-10-02 04:50:51', '2018-10-02 04:50:51'),
(45, 'SEA engineering academy', NULL, '2018-10-02 04:53:40', '2018-10-02 04:53:40'),
(46, 'Mahendra bhawan sb school', NULL, '2018-10-02 04:56:33', '2018-10-02 04:56:33'),
(47, 'Alkapuri boarding high school', NULL, '2018-10-02 04:59:39', '2018-10-02 04:59:39'),
(48, 'SAAN international college', NULL, '2018-10-02 05:02:52', '2018-10-02 05:02:52'),
(49, 'Ultrabyte full length', NULL, '2018-10-03 08:32:33', '2018-10-03 08:32:33'),
(50, 'Cloud 9', NULL, '2018-10-03 10:14:16', '2018-10-03 10:14:16'),
(51, 'Sky Pass travel and tours', NULL, '2018-10-03 10:17:37', '2018-10-03 10:17:37'),
(52, 'Roshi Tour and Travels', NULL, '2018-10-03 10:19:38', '2018-10-03 10:19:38'),
(53, 'Best Value Tourism', NULL, '2018-10-03 10:22:15', '2018-10-03 10:22:15'),
(54, 'Subidha Travel', NULL, '2018-10-03 10:24:45', '2018-10-03 10:24:45'),
(55, 'Himalaya Arizona Hotel and resort', NULL, '2018-10-04 09:50:32', '2018-10-04 09:50:32'),
(56, 'Sakura Abroad Intitute', NULL, '2018-10-04 09:53:39', '2018-10-04 09:53:39'),
(57, 'Friendship Job Placement', NULL, '2018-10-04 09:57:16', '2018-10-04 09:57:16'),
(58, 'Nicola international Academy', NULL, '2018-10-04 10:01:34', '2018-10-04 10:01:34'),
(59, 'Diksha Vision Academy', NULL, '2018-10-04 10:04:38', '2018-10-04 10:04:38'),
(60, 'Trinity Global edcational Consultancy', NULL, '2018-10-04 10:08:02', '2018-10-04 10:08:02'),
(61, 'N creation Salon', NULL, '2018-10-05 09:53:33', '2018-10-05 09:53:33'),
(62, 'Weboo Travel Abd Tours', NULL, '2018-10-05 09:57:33', '2018-10-05 09:57:33'),
(63, 'Aama ko Bhanchha', NULL, '2018-10-05 10:04:10', '2018-10-05 10:04:10'),
(64, 'Fast International travels and tours', NULL, '2018-10-05 10:12:06', '2018-10-05 10:12:06'),
(65, 'Texas Academy', NULL, '2018-10-09 09:09:59', '2018-10-09 09:09:59'),
(66, 'Edcare Abroad consult', NULL, '2018-10-09 09:19:16', '2018-10-09 09:19:16'),
(67, 'Sima Required Consultancy', NULL, '2018-10-09 09:35:18', '2018-10-09 09:35:18'),
(68, 'Valley Institute', NULL, '2018-10-09 09:47:01', '2018-10-09 09:47:01'),
(69, 'Valley Institute', NULL, '2018-10-09 10:05:56', '2018-10-09 10:05:56'),
(70, 'Kudos Abroad Study', NULL, '2018-10-09 10:08:10', '2018-10-09 10:08:10'),
(71, 'Jolly Gorkha Adventure', NULL, '2018-10-09 10:10:28', '2018-10-09 10:10:28'),
(72, 'Genius', NULL, '2018-10-09 10:13:20', '2018-10-09 10:13:20'),
(73, 'Choice Point Educational Consultancy', NULL, '2018-10-10 08:42:45', '2018-10-10 08:42:45'),
(74, 'choice Point Educational Consultancy', NULL, '2018-10-10 09:12:15', '2018-10-10 09:12:15'),
(75, 'Team Consult', NULL, '2018-10-10 09:27:32', '2018-10-10 09:27:32'),
(76, 'Divyajyoti Consultancy Kalanki', NULL, '2018-10-10 09:30:32', '2018-10-10 09:30:32'),
(77, 'Divyajyoti Consultancy Kalanki', NULL, '2018-10-10 09:30:32', '2018-10-10 09:30:32'),
(78, 'Divyajyoti Consultancy Kalanki', NULL, '2018-10-10 09:30:33', '2018-10-10 09:30:33'),
(79, 'Divyajyoti Consultancy Kalanki', NULL, '2018-10-10 09:30:33', '2018-10-10 09:30:33'),
(80, 'Divyajyoti Consultancy Kalanki', NULL, '2018-10-10 09:30:35', '2018-10-10 09:30:35'),
(81, 'Divyajyoti Consultancy Kalanki', NULL, '2018-10-10 09:30:35', '2018-10-10 09:30:35'),
(82, 'Photography Web For His Friend', NULL, '2018-10-10 09:33:41', '2018-10-10 09:33:41'),
(83, 'United Knowledge Educational consultancy', NULL, '2018-10-11 09:26:31', '2018-10-11 09:26:31'),
(84, 'East west College of International Education', NULL, '2018-10-11 09:33:14', '2018-10-11 09:33:14'),
(85, 'Nepal National Entrance Prep. Academy', NULL, '2018-10-11 09:38:21', '2018-10-11 09:38:21'),
(86, 'Icc Abroad Study Consult', NULL, '2018-10-11 09:40:26', '2018-10-11 09:40:26'),
(87, 'World Light Educational Consultancy', NULL, '2018-10-11 09:43:32', '2018-10-11 09:43:32'),
(88, 'Smart Study', NULL, '2018-10-12 07:47:58', '2018-10-12 07:47:58'),
(89, 'Florid Travel and tours', NULL, '2018-10-12 07:50:03', '2018-10-12 07:50:03'),
(90, 'World Favour Travel and Tours', NULL, '2018-11-18 10:22:22', '2018-11-18 10:22:22'),
(91, 'SR Alpha Education', NULL, '2018-11-18 10:37:57', '2018-11-18 10:37:57'),
(92, 'Noriba International Consultancy', NULL, '2018-11-18 10:47:54', '2018-11-18 10:47:54'),
(93, 'Takahasi Japanese Language Institute', NULL, '2018-11-19 05:09:00', '2018-11-19 05:09:00'),
(94, 'Smart Institute, Chabahil', NULL, '2018-11-21 04:30:55', '2018-11-21 04:30:55'),
(95, 'Bishwo Maitri Bhasa, Cabahil', NULL, '2018-11-21 04:33:00', '2018-11-21 04:33:00'),
(96, 'Bishwo Maitri Bhasa, Cabahil', NULL, '2018-11-21 04:33:00', '2018-11-21 04:33:00'),
(97, 'Stairway Eucational Services', NULL, '2018-11-21 04:34:53', '2018-11-21 04:34:53'),
(98, 'Smart Institute, Chabahil', NULL, '2018-11-21 04:42:09', '2018-11-21 04:42:09'),
(99, 'Smart Institute, Chabahil', NULL, '2018-11-21 04:42:10', '2018-11-21 04:42:10'),
(100, 'Line and craft, Dillibazar', NULL, '2018-11-22 04:14:13', '2018-11-22 04:14:13'),
(101, 'YM Education', NULL, '2018-11-22 04:17:07', '2018-11-22 04:17:07'),
(102, 'YM Education, New plaza', NULL, '2018-11-22 04:17:36', '2018-11-22 04:17:36'),
(103, 'ABC Education and  Migratio, Putalisadak', NULL, '2018-11-22 04:23:41', '2018-11-22 04:23:41'),
(104, 'Education migration Corner,Adwait Marg', NULL, '2018-11-22 04:44:27', '2018-11-22 04:44:27'),
(105, 'Education migrationcorner, Adwait Marg', NULL, '2018-11-22 04:47:50', '2018-11-22 04:47:50'),
(106, 'Star International Education Consultancy, Putalisadak', NULL, '2018-11-25 04:47:36', '2018-11-25 04:47:36'),
(107, 'Speed International pvt. Ltd, Putalisadak', NULL, '2018-11-25 04:51:36', '2018-11-25 04:51:36'),
(108, 'Star International Educational Consultancy, Putalisadak', NULL, '2018-11-25 04:55:30', '2018-11-25 04:55:30'),
(109, 'Star International Educational Consultancy, Putalisadak', NULL, '2018-11-25 04:55:30', '2018-11-25 04:55:30'),
(110, 'Asagao Japanese Language School', NULL, '2018-11-25 05:00:27', '2018-11-25 05:00:27'),
(111, 'Sora International Educational Institute', NULL, '2018-11-25 05:03:03', '2018-11-25 05:03:03'),
(112, 'Deepak Prasad Paudel', 'Maitidevi-29, Kathmandu', '2019-03-01 08:06:03', '2019-03-01 08:06:03'),
(113, 'xyz office', 'Maitidevi', '2019-04-02 05:22:47', '2019-04-02 05:22:47'),
(114, 'xyz company', 'Maitidevi', '2019-04-02 05:26:31', '2019-04-02 05:26:31'),
(115, 'ABC Company', 'Maitidevi, Kathmandu', '2019-05-29 07:34:56', '2019-05-29 07:34:56'),
(116, 'ABCXYZ Office', 'Maitidevi, Kathmandu', '2019-06-05 10:45:47', '2019-06-10 09:50:44'),
(117, 'Namin\'s Company', 'Maitidevi', '2019-06-10 05:04:42', '2019-06-10 05:04:42'),
(118, 'Deepak Prasad Paudel', 'Maitidevi-29, Kathmandu', '2019-06-13 10:24:53', '2019-06-13 10:24:53'),
(119, NULL, NULL, '2019-10-23 07:02:14', '2019-10-23 07:02:14'),
(120, NULL, NULL, '2019-10-23 07:02:17', '2019-10-23 07:02:17'),
(121, 'k/m/ml;', NULL, '2019-10-23 07:02:25', '2019-10-23 07:02:25'),
(122, 'ABCXYZ', 'Maitidevi, Kathmandu', '2020-01-23 12:12:54', '2020-01-23 12:12:54'),
(123, 'ABCXYZ123', 'Maitidevi, kathmandu', '2020-01-24 10:04:32', '2020-01-24 10:04:32');

-- --------------------------------------------------------

--
-- Table structure for table `contact_numbers`
--

CREATE TABLE `contact_numbers` (
  `id` int(10) UNSIGNED NOT NULL,
  `field_visit_id` int(11) DEFAULT NULL,
  `contact_number` varchar(191) COLLATE utf8mb4_unicode_ci NOT NULL,
  `contact_number_id` int(11) NOT NULL,
  `contact_number_type` varchar(191) COLLATE utf8mb4_unicode_ci NOT NULL,
  `from` varchar(191) COLLATE utf8mb4_unicode_ci DEFAULT NULL,
  `created_at` timestamp NULL DEFAULT NULL,
  `updated_at` timestamp NULL DEFAULT NULL
) ENGINE=InnoDB DEFAULT CHARSET=utf8mb4 COLLATE=utf8mb4_unicode_ci;

--
-- Dumping data for table `contact_numbers`
--

INSERT INTO `contact_numbers` (`id`, `field_visit_id`, `contact_number`, `contact_number_id`, `contact_number_type`, `from`, `created_at`, `updated_at`) VALUES
(1, NULL, '9851147431', 112, 'company', NULL, '2019-03-01 08:06:03', '2019-03-01 08:06:03'),
(2, 143, '9842545454', 9, 'company', NULL, '2019-03-05 05:17:41', '2019-03-05 05:17:41'),
(3, 143, '9851147431', 9, 'company', NULL, '2019-03-05 05:17:41', '2019-03-05 05:17:41'),
(4, 144, '9842545454', 9, 'company', NULL, '2019-03-05 05:17:52', '2019-03-05 05:17:52'),
(5, 144, '9851147431', 9, 'company', NULL, '2019-03-05 05:17:52', '2019-03-05 05:17:52'),
(6, 120, '9843029753', 9, 'company', NULL, '2019-03-06 05:02:06', '2019-03-06 05:02:06'),
(7, 120, '9851147431', 9, 'company', NULL, '2019-03-06 05:02:06', '2019-03-06 05:02:06'),
(8, 121, '9843029753', 9, 'company', NULL, '2019-03-06 05:02:26', '2019-03-06 05:02:26'),
(9, 121, '9851147431', 9, 'company', NULL, '2019-03-06 05:02:26', '2019-03-06 05:02:26'),
(10, NULL, '9841111111', 113, 'company', NULL, '2019-03-10 09:05:40', '2019-03-10 09:05:40'),
(11, 145, '9842545454', 9, 'company', NULL, '2019-03-27 06:24:37', '2019-03-27 06:24:37'),
(12, 145, '9851147431', 9, 'company', NULL, '2019-03-27 06:24:37', '2019-03-27 06:24:37'),
(13, 146, '9842545454', 9, 'company', NULL, '2019-03-27 06:25:39', '2019-03-27 06:25:39'),
(14, 146, '9851147431', 9, 'company', NULL, '2019-03-27 06:25:39', '2019-03-27 06:25:39'),
(15, 147, '9841111111', 9, 'company', NULL, '2019-03-27 06:41:51', '2019-03-27 06:41:51'),
(16, 147, '9842222222', 9, 'company', NULL, '2019-03-27 06:41:51', '2019-03-27 06:41:51'),
(39, NULL, '9841111111', 8, 'company', NULL, '2019-03-31 08:15:44', '2019-03-31 08:15:44'),
(40, NULL, '9841222222', 8, 'company', NULL, '2019-03-31 08:15:44', '2019-03-31 08:15:44'),
(41, NULL, '9843333333', 8, 'company', NULL, '2019-03-31 08:15:44', '2019-03-31 08:15:44'),
(42, NULL, '9842222222', 8, 'company', NULL, '2019-03-31 08:15:44', '2019-03-31 08:15:44'),
(43, NULL, '9841444444', 8, 'company', NULL, '2019-03-31 08:15:45', '2019-03-31 08:15:45'),
(44, 164, '9841555555', 8, 'company', NULL, '2019-03-31 08:17:47', '2019-03-31 08:17:47'),
(51, 165, '9842545454', 8, 'company', NULL, '2019-05-14 06:16:40', '2019-05-14 06:16:40'),
(52, 165, '9851147431', 8, 'company', NULL, '2019-05-14 06:16:41', '2019-05-14 06:16:41'),
(53, NULL, '9843029753', 115, 'company', NULL, '2019-05-29 07:34:56', '2019-05-29 07:34:56'),
(83, 170, '9841111111', 117, 'company', NULL, '2019-06-10 05:06:52', '2019-06-10 05:06:52'),
(86, 171, '9851147431', 117, 'company', NULL, '2019-06-10 05:08:44', '2019-06-10 05:08:44'),
(91, NULL, '9851147431', 118, 'company', NULL, '2019-06-13 10:24:53', '2019-06-13 10:24:53'),
(92, NULL, '9841111111', 116, 'company', NULL, '2019-06-18 10:14:13', '2019-06-18 10:14:13'),
(93, 180, '9842545454', 11, 'company', NULL, '2019-06-30 04:54:53', '2019-06-30 04:54:53'),
(94, 180, '9851147431', 11, 'company', NULL, '2019-06-30 04:54:53', '2019-06-30 04:54:53'),
(97, 182, '9843029753', 12, 'company', NULL, '2019-06-30 06:06:33', '2019-06-30 06:06:33'),
(98, 182, '9851147431', 12, 'company', NULL, '2019-06-30 06:06:33', '2019-06-30 06:06:33'),
(110, 113, '9843444444', 9, 'company', NULL, '2019-07-15 06:58:12', '2019-07-15 06:58:12'),
(119, 187, '984222222', 117, 'company', NULL, '2019-07-15 07:36:21', '2019-07-15 07:36:21'),
(120, 187, '9843333333', 117, 'company', NULL, '2019-07-15 07:36:21', '2019-07-15 07:36:21'),
(121, 187, '9844444444', 117, 'company', NULL, '2019-07-15 07:36:21', '2019-07-15 07:36:21'),
(122, 187, '9845555555', 117, 'company', NULL, '2019-07-15 07:36:21', '2019-07-15 07:36:21'),
(123, NULL, '9841111111', 122, 'company', NULL, '2020-01-23 12:12:54', '2020-01-23 12:12:54'),
(124, NULL, '9841111111', 123, 'company', NULL, '2020-01-24 10:04:32', '2020-01-24 10:04:32');

-- --------------------------------------------------------

--
-- Table structure for table `emails`
--

CREATE TABLE `emails` (
  `id` int(10) UNSIGNED NOT NULL,
  `field_visit_id` int(11) DEFAULT NULL,
  `company_id` int(11) NOT NULL,
  `email` varchar(191) COLLATE utf8mb4_unicode_ci NOT NULL,
  `type` varchar(191) COLLATE utf8mb4_unicode_ci NOT NULL,
  `created_at` timestamp NULL DEFAULT NULL,
  `updated_at` timestamp NULL DEFAULT NULL
) ENGINE=InnoDB DEFAULT CHARSET=utf8mb4 COLLATE=utf8mb4_unicode_ci;

--
-- Dumping data for table `emails`
--

INSERT INTO `emails` (`id`, `field_visit_id`, `company_id`, `email`, `type`, `created_at`, `updated_at`) VALUES
(1, NULL, 173, 'nameen017@gmail.com', 'primary', '2019-02-28 04:51:50', '2019-02-28 04:51:50'),
(2, NULL, 173, 'info@ultrabyte.com', 'secondary', '2019-02-28 04:51:50', '2019-02-28 04:51:50'),
(3, 130, 174, '9851147431a@gmail.com', 'primary', '2019-02-28 05:06:44', '2019-02-28 05:06:44'),
(4, 130, 174, '9851147431a@gmail.com', 'secondary', '2019-02-28 05:06:44', '2019-02-28 05:06:44'),
(8, 132, 9, '9851147431a@gmail.com', 'primary', '2019-02-28 05:40:00', '2019-05-14 06:17:48'),
(9, 132, 9, '9851147431a@gmail.com', 'secondary', '2019-02-28 05:40:00', '2019-02-28 05:40:00'),
(10, 132, 9, '9851147431a@gmail.com', 'secondary', '2019-02-28 05:40:01', '2019-02-28 05:40:01'),
(11, 135, 10, 'nameen017@gmail.com', 'primary', '2019-02-28 18:27:23', '2019-02-28 18:27:23'),
(12, 135, 10, '9851147431a@gmail.com', 'secondary', '2019-02-28 18:27:23', '2019-02-28 18:27:23'),
(13, 135, 10, '9851147431a@gmail.com', 'secondary', '2019-02-28 18:27:23', '2019-02-28 18:27:23'),
(114, NULL, 112, '9851147431a@gmail.com', 'primary', '2019-03-01 08:06:04', '2019-03-01 08:06:04'),
(115, 143, 9, '9851147431a@gmail.com', 'secondary', '2019-03-05 05:17:41', '2019-03-05 05:17:41'),
(116, 143, 9, '9851147431a@gmail.com', 'secondary', '2019-03-05 05:17:41', '2019-03-05 05:17:41'),
(117, 144, 9, '9851147431a@gmail.com', 'secondary', '2019-03-05 05:17:52', '2019-03-05 05:17:52'),
(118, 144, 9, '9851147431a@gmail.com', 'secondary', '2019-03-05 05:17:52', '2019-03-05 05:17:52'),
(119, 120, 9, 'nameen017@gmail.com', 'primary', '2019-03-06 05:02:06', '2019-03-06 05:02:06'),
(120, 120, 9, 'nameen0172@gmail.com', 'secondary', '2019-03-06 05:02:06', '2019-03-06 05:02:06'),
(121, 120, 9, 'nameen0173@gmail.com', 'secondary', '2019-03-06 05:02:06', '2019-03-06 05:02:06'),
(122, 120, 9, 'nameen01704@gmail.com', 'secondary', '2019-03-06 05:02:06', '2019-03-06 05:02:06'),
(123, 120, 9, 'nameen0175@gmail.com', 'secondary', '2019-03-06 05:02:06', '2019-03-06 05:02:06'),
(124, 121, 9, 'nameen017@gmail.com', 'primary', '2019-03-06 05:02:26', '2019-03-06 05:02:26'),
(125, 121, 9, 'nameen0172@gmail.com', 'secondary', '2019-03-06 05:02:26', '2019-03-06 05:02:26'),
(126, 121, 9, 'nameen0173@gmail.com', 'secondary', '2019-03-06 05:02:26', '2019-03-06 05:02:26'),
(127, 121, 9, 'nameen01704@gmail.com', 'secondary', '2019-03-06 05:02:26', '2019-03-06 05:02:26'),
(128, 121, 9, 'nameen0175@gmail.com', 'secondary', '2019-03-06 05:02:26', '2019-03-06 05:02:26'),
(129, NULL, 113, 'nameen017@gmail.com', 'primary', '2019-03-10 09:05:40', '2019-03-10 09:05:40'),
(130, 145, 9, '9851147431a@gmail.com', 'secondary', '2019-03-27 06:24:37', '2019-03-27 06:24:37'),
(131, 145, 9, '9851147431a@gmail.com', 'secondary', '2019-03-27 06:24:37', '2019-03-27 06:24:37'),
(132, 146, 9, '9851147431a@gmail.com', 'secondary', '2019-03-27 06:25:39', '2019-03-27 06:25:39'),
(133, 146, 9, '9851147431a@gmail.com', 'secondary', '2019-03-27 06:25:39', '2019-03-27 06:25:39'),
(134, 147, 9, 'hari@gmail.com', 'secondary', '2019-03-27 06:41:51', '2019-03-27 06:41:51'),
(135, 147, 9, 'hari2@gmail.com', 'secondary', '2019-03-27 06:41:51', '2019-03-27 06:41:51'),
(148, NULL, 8, '9851147431a@gmail.com', 'primary', '2019-03-31 08:15:44', '2019-05-14 06:08:35'),
(149, NULL, 8, 'namudan2012@gmail.com', 'secondary', '2019-03-31 08:15:44', '2019-03-31 08:15:44'),
(156, 165, 8, '9851147431a@gmail.com', 'primary', '2019-05-14 06:16:40', '2019-05-14 06:16:40'),
(157, 165, 8, '9851147431a@gmail.com', 'secondary', '2019-05-14 06:16:41', '2019-05-14 06:16:41'),
(158, 165, 8, '9851147431a@gmail.com', 'secondary', '2019-05-14 06:16:41', '2019-05-14 06:16:41'),
(165, NULL, 115, 'nameen017@gmail.com', 'primary', '2019-05-29 07:34:56', '2019-05-29 07:34:56'),
(198, 171, 117, 'nameen017@gmail.com', 'primary', '2019-06-10 05:08:44', '2019-06-10 05:08:44'),
(199, 171, 117, 'nameen01702@gmail.com', 'secondary', '2019-06-10 05:08:44', '2019-06-10 05:08:44'),
(200, 171, 117, '9851147431a@gmail.com', 'secondary', '2019-06-10 05:08:44', '2019-06-10 05:08:44'),
(205, NULL, 118, '9851147431a@gmail.com', 'primary', '2019-06-13 10:24:53', '2019-06-13 10:24:53'),
(206, NULL, 116, 'nameen017@gmail.com', 'primary', '2019-06-18 10:14:13', '2019-06-18 10:14:13'),
(207, 172, 8, '9851147431a@gmail.com', 'primary', '2019-06-23 10:38:47', '2019-06-23 10:38:47'),
(208, 172, 8, '9851147431a@gmail.com', 'secondary', '2019-06-23 10:38:47', '2019-06-23 10:38:47'),
(209, 172, 8, '9851147431a@gmail.com', 'secondary', '2019-06-23 10:38:47', '2019-06-23 10:38:47'),
(210, 180, 11, '9851147431a@gmail.com', 'primary', '2019-06-30 04:54:53', '2019-06-30 04:54:53'),
(212, 184, 12, '9851147431a@gmail.com', 'primary', '2019-06-30 05:49:50', '2019-06-30 05:49:50'),
(213, 184, 12, '9851147431a@gmail.com', 'secondary', '2019-06-30 05:49:50', '2019-06-30 05:49:50'),
(214, 184, 12, '9851147431a@gmail.com', 'secondary', '2019-06-30 05:49:50', '2019-06-30 05:49:50'),
(215, 183, 12, '9851147431a@gmail.com', 'primary', '2019-06-30 05:49:58', '2019-06-30 05:49:58'),
(216, 183, 12, '9851147431a@gmail.com', 'secondary', '2019-06-30 05:49:58', '2019-06-30 05:49:58'),
(217, 183, 12, '9851147431a@gmail.com', 'secondary', '2019-06-30 05:49:58', '2019-06-30 05:49:58'),
(224, 185, 12, '9851147431a@gmail.com', 'primary', '2019-06-30 05:51:21', '2019-06-30 05:51:21'),
(225, 185, 12, '9851147431a@gmail.com', 'secondary', '2019-06-30 05:51:21', '2019-06-30 05:51:21'),
(226, 185, 12, '9851147431a@gmail.com', 'secondary', '2019-06-30 05:51:21', '2019-06-30 05:51:21'),
(251, 182, 12, '9851147431a@gmail.com', 'primary', '2019-06-30 06:06:33', '2019-06-30 06:06:33'),
(252, 182, 12, '9851147431a@gmail.com', 'secondary', '2019-06-30 06:06:33', '2019-06-30 06:06:33'),
(253, 182, 12, '9851147431a@gmail.com', 'secondary', '2019-06-30 06:06:33', '2019-06-30 06:06:33'),
(269, 186, 12, '9851147431a@gmail.com', 'primary', '2019-06-30 06:28:30', '2019-06-30 06:28:30'),
(270, 186, 12, '9851147431a@gmail.com', 'secondary', '2019-06-30 06:28:30', '2019-06-30 06:28:30'),
(271, 186, 12, '9851147431a@gmail.com', 'secondary', '2019-06-30 06:28:30', '2019-06-30 06:28:30'),
(272, 166, 9, '9851147431a@gmail.com', 'primary', '2019-06-30 06:46:34', '2019-06-30 06:46:34'),
(273, 166, 9, '9851147431a@gmail.com', 'secondary', '2019-06-30 06:46:34', '2019-06-30 06:46:34'),
(274, 166, 9, '9851147431a@gmail.com', 'secondary', '2019-06-30 06:46:34', '2019-06-30 06:46:34'),
(275, 169, 117, 'nameen017@gmail.com', 'primary', '2019-07-01 06:13:45', '2019-07-01 06:13:45'),
(293, 113, 9, '9851147431a@gmail.com', 'primary', '2019-07-15 06:58:12', '2019-07-15 06:58:12'),
(294, 113, 9, 'ramlaldangol@gmail.com', 'secondary', '2019-07-15 06:58:12', '2019-07-15 06:58:12'),
(295, 113, 9, 'ramlaldangol@gmail.com', 'secondary', '2019-07-15 06:58:12', '2019-07-15 06:58:12'),
(302, 187, 117, 'nameen017@gmail.com', 'primary', '2019-07-15 07:36:21', '2019-07-15 07:36:21'),
(303, 187, 117, 'namudan2012@gmail.com', 'secondary', '2019-07-15 07:36:21', '2019-07-15 07:36:21'),
(304, 187, 117, 'nameen@gmail.com', 'secondary', '2019-07-15 07:36:21', '2019-07-15 07:36:21'),
(305, NULL, 122, 'nameen017@gmail.com', 'primary', '2020-01-23 12:12:54', '2020-01-23 12:12:54'),
(306, NULL, 123, 'nameen017@gmail.com', 'primary', '2020-01-24 10:04:32', '2020-01-24 10:04:32');

-- --------------------------------------------------------

--
-- Table structure for table `employee_details`
--

CREATE TABLE `employee_details` (
  `id` int(10) UNSIGNED NOT NULL,
  `user_id` int(11) DEFAULT NULL,
  `role_id` int(11) NOT NULL,
  `name` varchar(191) COLLATE utf8mb4_unicode_ci NOT NULL,
  `date_of_birth` varchar(191) COLLATE utf8mb4_unicode_ci NOT NULL,
  `email` varchar(191) COLLATE utf8mb4_unicode_ci NOT NULL,
  `mobile_number` varchar(191) COLLATE utf8mb4_unicode_ci NOT NULL,
  `phone_number` varchar(191) COLLATE utf8mb4_unicode_ci NOT NULL,
  `temporary_address` varchar(191) COLLATE utf8mb4_unicode_ci NOT NULL,
  `temporary_tole` varchar(191) COLLATE utf8mb4_unicode_ci NOT NULL,
  `temporary_ward` varchar(191) COLLATE utf8mb4_unicode_ci NOT NULL,
  `permanent_address` varchar(191) COLLATE utf8mb4_unicode_ci NOT NULL,
  `permanent_tole` varchar(191) COLLATE utf8mb4_unicode_ci NOT NULL,
  `permanent_ward` varchar(191) COLLATE utf8mb4_unicode_ci NOT NULL,
  `fb_link` varchar(191) COLLATE utf8mb4_unicode_ci NOT NULL,
  `twitter_link` varchar(191) COLLATE utf8mb4_unicode_ci NOT NULL,
  `personal_website_link` varchar(191) COLLATE utf8mb4_unicode_ci NOT NULL,
  `bank_name_1` varchar(191) COLLATE utf8mb4_unicode_ci NOT NULL,
  `swift_code_1` varchar(191) COLLATE utf8mb4_unicode_ci NOT NULL,
  `bank_number_1` varchar(191) COLLATE utf8mb4_unicode_ci NOT NULL,
  `branch_1` varchar(191) COLLATE utf8mb4_unicode_ci NOT NULL,
  `bank_name_2` varchar(191) COLLATE utf8mb4_unicode_ci DEFAULT NULL,
  `swift_code_2` varchar(191) COLLATE utf8mb4_unicode_ci DEFAULT NULL,
  `bank_number_2` varchar(191) COLLATE utf8mb4_unicode_ci DEFAULT NULL,
  `branch_2` varchar(191) COLLATE utf8mb4_unicode_ci DEFAULT NULL,
  `father_name` varchar(191) COLLATE utf8mb4_unicode_ci NOT NULL,
  `mother_name` varchar(191) COLLATE utf8mb4_unicode_ci NOT NULL,
  `grandfather_name` varchar(191) COLLATE utf8mb4_unicode_ci NOT NULL,
  `grandmother_name` varchar(191) COLLATE utf8mb4_unicode_ci NOT NULL,
  `brother_name` varchar(191) COLLATE utf8mb4_unicode_ci NOT NULL,
  `blood_group` varchar(191) COLLATE utf8mb4_unicode_ci NOT NULL,
  `esewa_id` varchar(191) COLLATE utf8mb4_unicode_ci NOT NULL,
  `education` varchar(191) COLLATE utf8mb4_unicode_ci NOT NULL,
  `college_name` varchar(191) COLLATE utf8mb4_unicode_ci NOT NULL,
  `created_at` timestamp NULL DEFAULT NULL,
  `updated_at` timestamp NULL DEFAULT NULL
) ENGINE=InnoDB DEFAULT CHARSET=utf8mb4 COLLATE=utf8mb4_unicode_ci;

-- --------------------------------------------------------

--
-- Table structure for table `field_visitors`
--

CREATE TABLE `field_visitors` (
  `id` int(10) UNSIGNED NOT NULL,
  `field_visit_id` int(10) UNSIGNED NOT NULL,
  `visitors_contact` varchar(191) COLLATE utf8mb4_unicode_ci DEFAULT NULL,
  `visitors_email` varchar(191) COLLATE utf8mb4_unicode_ci DEFAULT NULL,
  `created_at` timestamp NULL DEFAULT NULL,
  `updated_at` timestamp NULL DEFAULT NULL
) ENGINE=InnoDB DEFAULT CHARSET=utf8mb4 COLLATE=utf8mb4_unicode_ci;

--
-- Dumping data for table `field_visitors`
--

INSERT INTO `field_visitors` (`id`, `field_visit_id`, `visitors_contact`, `visitors_email`, `created_at`, `updated_at`) VALUES
(1, 5, '984952314', '', '2018-09-23 09:24:15', '2018-09-23 09:24:15'),
(2, 6, '984952314', '', '2018-09-23 09:25:00', '2018-09-23 09:25:00'),
(3, 7, '984952314', '', '2018-09-23 09:26:03', '2018-09-23 09:26:03'),
(4, 8, '984952314', '', '2018-09-23 09:26:45', '2018-09-23 09:26:45'),
(5, 9, '984952314', 'khanalhem123017@gmail.com', '2018-09-23 09:27:59', '2018-09-23 09:27:59'),
(6, 11, '', '', '2018-09-23 09:42:14', '2018-09-23 09:42:14'),
(7, 12, '9851125495', '', '2018-09-25 03:41:26', '2018-09-25 03:41:26'),
(8, 13, '', '', '2018-09-25 03:44:47', '2018-09-25 03:44:47'),
(9, 14, '9843669522', 'visitor@gmail.com', '2018-09-25 04:25:40', '2018-09-25 04:25:40'),
(10, 14, '9843669522', '', '2018-09-25 04:25:40', '2018-09-25 04:25:40'),
(11, 15, '', '', '2018-09-25 04:40:51', '2018-09-25 04:40:51'),
(12, 16, '984952314', '', '2018-09-26 03:00:03', '2018-09-26 03:00:03'),
(13, 17, '9841122405', 'info@ambitiousnepal.edu.np', '2018-09-26 03:19:40', '2018-09-26 03:19:40'),
(14, 18, '', '', '2018-09-27 07:33:48', '2018-09-27 07:33:48'),
(15, 19, '55551111/5555122', '', '2018-09-27 07:39:12', '2018-09-27 07:39:12'),
(16, 20, '', '', '2018-09-27 07:42:32', '2018-09-27 07:42:32'),
(17, 21, '9851066232', '', '2018-09-27 07:46:40', '2018-09-27 07:46:40'),
(18, 22, '', '', '2018-09-27 07:50:36', '2018-09-27 07:50:36'),
(19, 23, '5532403/55256655', '', '2018-09-27 07:53:04', '2018-09-27 07:53:04'),
(20, 24, '5526245', '', '2018-09-27 07:56:54', '2018-09-27 07:56:54'),
(21, 25, '', '', '2018-09-27 08:00:10', '2018-09-27 08:00:10'),
(22, 26, '', '', '2018-09-27 10:15:39', '2018-09-27 10:15:39'),
(26, 31, '9851125495', 'infi@meritinternational.com.np', '2018-09-28 10:13:31', '2018-09-28 10:13:31'),
(27, 32, '', '', '2018-09-28 10:16:15', '2018-09-28 10:16:15'),
(28, 38, '9823744799', '', '2018-10-01 03:13:25', '2018-10-01 03:13:25'),
(29, 39, '', '', '2018-10-01 03:17:34', '2018-10-01 03:17:34'),
(30, 40, '', '', '2018-10-01 03:29:41', '2018-10-01 03:29:41'),
(31, 41, '9801050277/014492324', '', '2018-10-01 08:48:47', '2018-10-01 08:48:47'),
(32, 42, '', '', '2018-10-02 04:28:46', '2018-10-02 04:28:46'),
(33, 43, '9851161005', '', '2018-10-02 04:33:30', '2018-10-02 04:33:30'),
(34, 44, '4168122', '', '2018-10-02 04:37:45', '2018-10-02 04:37:45'),
(35, 45, '', '', '2018-10-02 04:40:52', '2018-10-02 04:40:52'),
(36, 46, '', '', '2018-10-02 04:43:31', '2018-10-02 04:43:31'),
(37, 47, '', '', '2018-10-02 04:47:11', '2018-10-02 04:47:11'),
(38, 48, '', '', '2018-10-02 04:49:36', '2018-10-02 04:49:36'),
(39, 49, '', '', '2018-10-02 04:52:44', '2018-10-02 04:52:44'),
(40, 50, '', '', '2018-10-02 04:55:42', '2018-10-02 04:55:42'),
(41, 51, '', '', '2018-10-02 04:58:51', '2018-10-02 04:58:51'),
(42, 52, '', '', '2018-10-02 05:01:55', '2018-10-02 05:01:55'),
(43, 53, '', '', '2018-10-02 05:04:27', '2018-10-02 05:04:27'),
(44, 54, '9851237890', 'amarbhattarai1@gmail.com', '2018-10-03 08:33:45', '2018-10-03 08:33:45'),
(45, 55, '', '', '2018-10-03 10:15:53', '2018-10-03 10:15:53'),
(46, 56, '', '', '2018-10-03 10:19:08', '2018-10-03 10:19:08'),
(47, 57, '014220753', '', '2018-10-03 10:21:37', '2018-10-03 10:21:37'),
(48, 58, '', '', '2018-10-03 10:23:46', '2018-10-03 10:23:46'),
(49, 59, '', '', '2018-10-03 10:26:16', '2018-10-03 10:26:16'),
(50, 60, '9845560948', '', '2018-10-04 09:53:07', '2018-10-04 09:53:07'),
(51, 61, '9851080279, 9841587610', 'info@sakuraabroad.com', '2018-10-04 09:56:45', '2018-10-04 09:56:45'),
(52, 62, '', '', '2018-10-04 10:00:36', '2018-10-04 10:00:36'),
(53, 64, '', '', '2018-10-04 10:00:36', '2018-10-04 10:00:36'),
(54, 63, '', '', '2018-10-04 10:00:36', '2018-10-04 10:00:36'),
(55, 65, '', '', '2018-10-04 10:00:36', '2018-10-04 10:00:36'),
(56, 66, '', '', '2018-10-04 10:00:37', '2018-10-04 10:00:37'),
(57, 67, '9844226759', '', '2018-10-04 10:03:16', '2018-10-04 10:03:16'),
(58, 68, '9851165243', '', '2018-10-04 10:06:52', '2018-10-04 10:06:52'),
(59, 69, '9843226934', '', '2018-10-04 10:11:01', '2018-10-04 10:11:01'),
(60, 70, '9808779939', '', '2018-10-05 09:55:46', '2018-10-05 09:55:46'),
(61, 71, '0150111742', 'prameshor@webootravels.com', '2018-10-05 09:59:33', '2018-10-05 09:59:33'),
(62, 74, '9851068915/5527409', '', '2018-10-05 10:05:51', '2018-10-05 10:05:51'),
(63, 75, '9841819213', '', '2018-10-05 10:14:07', '2018-10-05 10:14:07'),
(64, 76, '9851187478', '', '2018-10-09 09:12:24', '2018-10-09 09:12:24'),
(65, 77, '9844956319', 'sp@educare.com.np', '2018-10-09 09:23:37', '2018-10-09 09:23:37'),
(66, 78, '9851076859,9860142300', '', '2018-10-09 09:44:13', '2018-10-09 09:44:13'),
(67, 79, '9851157195', '', '2018-10-09 10:07:15', '2018-10-09 10:07:15'),
(68, 80, '', '', '2018-10-09 10:09:37', '2018-10-09 10:09:37'),
(69, 81, '', '', '2018-10-09 10:12:52', '2018-10-09 10:12:52'),
(70, 82, '98510062298', '', '2018-10-09 10:14:37', '2018-10-09 10:14:37'),
(71, 83, '014301757', '', '2018-10-10 09:14:12', '2018-10-10 09:14:12'),
(72, 84, '9841665800', '', '2018-10-10 09:28:59', '2018-10-10 09:28:59'),
(73, 85, '9841867773', '', '2018-10-10 09:32:09', '2018-10-10 09:32:09'),
(74, 86, '9817768052', '', '2018-10-10 09:34:39', '2018-10-10 09:34:39'),
(75, 87, '9851058180', '', '2018-10-11 09:27:59', '2018-10-11 09:27:59'),
(76, 90, '9851037152', '', '2018-10-11 09:35:33', '2018-10-11 09:35:33'),
(77, 91, '9851037152', '', '2018-10-11 09:35:35', '2018-10-11 09:35:35'),
(78, 92, '9841478389', '', '2018-10-11 09:39:48', '2018-10-11 09:39:48'),
(79, 93, '9841631660', '', '2018-10-11 09:42:55', '2018-10-11 09:42:55'),
(80, 94, '9851038106', '', '2018-10-11 09:44:48', '2018-10-11 09:44:48'),
(81, 95, '9803505094', '', '2018-10-12 07:49:27', '2018-10-12 07:49:27'),
(82, 96, '9851194828/014107146', '', '2018-10-12 07:51:33', '2018-10-12 07:51:33'),
(83, 97, '', '', '2018-11-18 10:37:30', '2018-11-18 10:37:30'),
(84, 98, '', '', '2018-11-18 10:40:44', '2018-11-18 10:40:44'),
(85, 99, '9813246634', '', '2018-11-18 10:49:03', '2018-11-18 10:49:03'),
(86, 100, '9846252791,9806677304', '', '2018-11-19 05:10:25', '2018-11-19 05:10:25'),
(87, 101, '9841465126,9851245126', '', '2018-11-21 04:32:18', '2018-11-21 04:32:18'),
(88, 102, '9862443198', '', '2018-11-21 04:34:13', '2018-11-21 04:34:13'),
(89, 103, '9851144874,9813464551', '', '2018-11-21 04:36:46', '2018-11-21 04:36:46'),
(90, 104, '9851003332', '', '2018-11-22 04:15:34', '2018-11-22 04:15:34'),
(91, 105, '014445052', '', '2018-11-22 04:18:55', '2018-11-22 04:18:55'),
(92, 106, '', 'bhupal@abceducation.com.au', '2018-11-22 04:28:18', '2018-11-22 04:28:18'),
(93, 107, '6143580211/4260420', '', '2018-11-22 04:46:32', '2018-11-22 04:46:32'),
(94, 108, '', '', '2018-11-22 04:49:14', '2018-11-22 04:49:14'),
(95, 109, '9851156382/9818806584', 'infosieceducation@gmail.com', '2018-11-25 04:50:50', '2018-11-25 04:50:50'),
(96, 110, '014445713/12', '', '2018-11-25 04:53:40', '2018-11-25 04:53:40'),
(97, 111, '01-4422277', '', '2018-11-25 05:02:24', '2018-11-25 05:02:24'),
(98, 112, '01-4422923', '', '2018-11-25 05:04:58', '2018-11-25 05:04:58'),
(100, 114, '9842545454', 'shyamlaldangol@gmail.com', '2019-01-27 02:48:06', '2019-01-27 02:48:06'),
(101, 115, '9841548754', 'hari@gmail.com', '2019-01-27 23:55:49', '2019-01-27 23:55:49'),
(102, 116, '9841254125', 'shyam@gmail.com', '2019-01-28 00:02:51', '2019-01-28 00:02:51'),
(103, 117, '9845789878', 'krishna@gmail.com', '2019-01-28 00:21:35', '2019-01-28 00:21:35'),
(108, 122, '9843029753', 'nameen0172@gmail.com', '2019-02-13 05:22:10', '2019-02-13 05:22:10'),
(109, 122, '', 'nameen0173@gmail.com', '2019-02-13 05:22:10', '2019-02-13 05:22:10'),
(110, 123, '9843029753', 'nameen0172@gmail.com', '2019-02-13 05:22:20', '2019-02-13 05:22:20'),
(111, 123, '', 'nameen0173@gmail.com', '2019-02-13 05:22:20', '2019-02-13 05:22:20'),
(112, 124, '9841111111', 'nameen01702@gmail.com', '2019-02-13 05:29:58', '2019-02-13 05:29:58'),
(113, 124, '', 'nameen01703@gmail.com', '2019-02-13 05:29:58', '2019-02-13 05:29:58'),
(114, 125, '9842545454', 'nameen01702@gmail.com', '2019-02-13 05:36:04', '2019-02-13 05:36:04'),
(115, 125, '', 'nameen01703@gmail.com', '2019-02-13 05:36:04', '2019-02-13 05:36:04'),
(116, 126, '9842545454', 'namudan201202@gmail.com', '2019-02-13 05:38:00', '2019-02-13 05:38:00'),
(117, 126, '', 'namudan201203@gmail.com', '2019-02-13 05:38:00', '2019-02-13 05:38:00'),
(118, 127, '9841111111', 'nameen01702@gmail.com', '2019-02-13 22:25:09', '2019-02-13 22:25:09'),
(119, 128, '9842545454', 'nameen01702@gmail.com', '2019-02-13 22:26:47', '2019-02-13 22:26:47'),
(120, 128, '', 'nameen01703@gmail.com', '2019-02-13 22:26:47', '2019-02-13 22:26:47'),
(121, 129, '9841111111', '9851147431a@gmail.com', '2019-02-13 23:53:49', '2019-02-13 23:53:49'),
(122, 129, '9842222222', '', '2019-02-13 23:53:49', '2019-02-13 23:53:49'),
(153, 142, '9842222222', 'nameen01702@gmail.com', '2019-02-28 11:39:48', '2019-02-28 11:39:48'),
(154, 142, '', 'nameen01703@gmail.com', '2019-02-28 11:39:48', '2019-02-28 11:39:48'),
(155, 143, '9842545454', '9851147431a@gmail.com', '2019-03-05 05:17:41', '2019-03-05 05:17:41'),
(156, 144, '9842545454', '9851147431a@gmail.com', '2019-03-05 05:17:52', '2019-03-05 05:17:52'),
(157, 120, '9843029753', 'nameen0172@gmail.com', '2019-03-06 05:02:07', '2019-03-06 05:02:07'),
(158, 120, '', 'nameen0173@gmail.com', '2019-03-06 05:02:07', '2019-03-06 05:02:07'),
(159, 121, '9843029753', 'nameen0172@gmail.com', '2019-03-06 05:02:26', '2019-03-06 05:02:26'),
(160, 121, '', 'nameen0173@gmail.com', '2019-03-06 05:02:26', '2019-03-06 05:02:26'),
(161, 145, '9842545454', '9851147431a@gmail.com', '2019-03-27 06:24:37', '2019-03-27 06:24:37'),
(162, 146, '9842545454', '9851147431a@gmail.com', '2019-03-27 06:25:39', '2019-03-27 06:25:39'),
(163, 147, '9841111111', 'hari@gmail.com', '2019-03-27 06:41:51', '2019-03-27 06:41:51'),
(164, 148, '9841111111', 'nameen017@gmail.com', '2019-03-31 06:09:28', '2019-03-31 06:09:28'),
(165, 149, '9841111111', 'nameen017@gmail.com', '2019-03-31 06:10:40', '2019-03-31 06:10:40'),
(166, 150, '9842545454', 'nameen017@gmail.com', '2019-03-31 06:15:50', '2019-03-31 06:15:50'),
(167, 151, '9842545454', 'nameen017@gmail.com', '2019-03-31 06:16:20', '2019-03-31 06:16:20'),
(168, 152, '9842545454', 'nameen017@gmail.com', '2019-03-31 06:16:30', '2019-03-31 06:16:30'),
(169, 153, '9842545454', 'nameen017@gmail.com', '2019-03-31 06:21:01', '2019-03-31 06:21:01'),
(170, 154, '9842545454', 'nameen017@gmail.com', '2019-03-31 06:24:25', '2019-03-31 06:24:25'),
(171, 158, '9841111111', 'nameen017@gmail.com', '2019-03-31 06:41:54', '2019-03-31 06:41:54'),
(172, 160, '9841111111', '9851147431a@gmail.com', '2019-03-31 06:45:19', '2019-03-31 06:45:19'),
(173, 161, '9841111111', '9851147431a@gmail.com', '2019-03-31 06:46:27', '2019-03-31 06:46:27'),
(174, 162, '9843333333', 'nameen017@gmail.com', '2019-03-31 08:07:03', '2019-03-31 08:07:03'),
(175, 163, '9841111111', 'nameen017@gmail.com', '2019-03-31 08:10:27', '2019-03-31 08:10:27'),
(176, 164, '9841555555', 'nameen017@gmail.com', '2019-03-31 08:17:47', '2019-03-31 08:17:47'),
(180, 165, '9842545454', '9851147431a@gmail.com', '2019-05-14 06:16:41', '2019-05-14 06:16:41'),
(190, 167, '9845698574', '9851147431a@gmail.com', '2019-06-06 04:40:12', '2019-06-06 04:40:12'),
(191, 168, '9851147431', '9851147431a@gmail.com', '2019-06-06 05:31:10', '2019-06-06 05:31:10'),
(194, 171, '9841111111', 'nameen01702@gmail.com', '2019-06-10 05:08:44', '2019-06-10 05:08:44'),
(196, 172, '9842545454', '9851147431a@gmail.com', '2019-06-23 10:38:47', '2019-06-23 10:38:47'),
(197, 176, '9842545454', '9851147431a@gmail.com', '2019-06-30 04:20:07', '2019-06-30 04:20:07'),
(198, 175, '9842545454', '9851147431a@gmail.com', '2019-06-30 04:20:07', '2019-06-30 04:20:07'),
(199, 177, '9843029753', '9851147431a@gmail.com', '2019-06-30 04:46:50', '2019-06-30 04:46:50'),
(200, 180, '9842545454', '9851147431a@gmail.com', '2019-06-30 04:54:53', '2019-06-30 04:54:53'),
(201, 181, '9842545454', '9851147431a@gmail.com', '2019-06-30 04:55:19', '2019-06-30 04:55:19'),
(205, 184, '9843029753', '9851147431a@gmail.com', '2019-06-30 05:49:50', '2019-06-30 05:49:50'),
(206, 183, '9843029753', '9851147431a@gmail.com', '2019-06-30 05:49:58', '2019-06-30 05:49:58'),
(210, 185, '9843029753', '9851147431a@gmail.com', '2019-06-30 05:51:21', '2019-06-30 05:51:21'),
(220, 182, '9843029753', '9851147431a@gmail.com', '2019-06-30 06:06:33', '2019-06-30 06:06:33'),
(226, 186, '9843029753', '9851147431a@gmail.com', '2019-06-30 06:28:30', '2019-06-30 06:28:30'),
(227, 166, '9842545454', '9851147431a@gmail.com', '2019-06-30 06:46:34', '2019-06-30 06:46:34'),
(236, 113, '9843444444', 'ramlaldangol@gmail.com', '2019-07-15 06:58:12', '2019-07-15 06:58:12'),
(241, 187, '9841111111', 'namudan2012@gmail.com', '2019-07-15 07:36:21', '2019-07-15 07:36:21'),
(242, 187, '984222222', '', '2019-07-15 07:36:21', '2019-07-15 07:36:21');

-- --------------------------------------------------------

--
-- Table structure for table `field_visits`
--

CREATE TABLE `field_visits` (
  `id` int(10) UNSIGNED NOT NULL,
  `user_id` int(10) UNSIGNED NOT NULL,
  `targets_id` int(10) UNSIGNED NOT NULL,
  `visit_category_id` int(10) UNSIGNED NOT NULL,
  `company_id` int(10) UNSIGNED NOT NULL,
  `date` date DEFAULT NULL,
  `office_name` varchar(100) COLLATE utf8mb4_unicode_ci DEFAULT NULL,
  `email_address` varchar(100) COLLATE utf8mb4_unicode_ci DEFAULT NULL,
  `address` varchar(191) COLLATE utf8mb4_unicode_ci DEFAULT NULL,
  `visited_to` varchar(191) COLLATE utf8mb4_unicode_ci DEFAULT NULL,
  `contact_person` varchar(191) COLLATE utf8mb4_unicode_ci DEFAULT NULL,
  `requirements` longtext COLLATE utf8mb4_unicode_ci,
  `next_visit_date` date DEFAULT NULL,
  `project_status` tinyint(4) DEFAULT NULL,
  `reasons` longtext COLLATE utf8mb4_unicode_ci,
  `project_scope` varchar(191) COLLATE utf8mb4_unicode_ci DEFAULT NULL,
  `weakness` longtext COLLATE utf8mb4_unicode_ci,
  `comments` longtext COLLATE utf8mb4_unicode_ci,
  `next_visit_comments` longtext COLLATE utf8mb4_unicode_ci,
  `assigned_by` int(10) UNSIGNED DEFAULT NULL,
  `assigned_to` int(10) UNSIGNED DEFAULT NULL,
  `assigned_date` date DEFAULT NULL,
  `created_at` timestamp NULL DEFAULT NULL,
  `updated_at` timestamp NULL DEFAULT NULL
) ENGINE=InnoDB DEFAULT CHARSET=utf8mb4 COLLATE=utf8mb4_unicode_ci;

--
-- Dumping data for table `field_visits`
--

INSERT INTO `field_visits` (`id`, `user_id`, `targets_id`, `visit_category_id`, `company_id`, `date`, `office_name`, `email_address`, `address`, `visited_to`, `contact_person`, `requirements`, `next_visit_date`, `project_status`, `reasons`, `project_scope`, `weakness`, `comments`, `next_visit_comments`, `assigned_by`, `assigned_to`, `assigned_date`, `created_at`, `updated_at`) VALUES
(5, 8, 1, 8, 8, '2018-09-23', NULL, 'info@longwoodien.com', '', 'Hem Raj Khanal', 'Hem Raj Khanal', 'Newsportal site', '2019-04-01', 1, NULL, 'medium', 'sample', NULL, NULL, 1, 13, '2019-03-01', '2018-09-23 09:24:15', '2019-03-01 11:21:05'),
(6, 8, 1, 8, 8, '2018-09-23', NULL, 'info@longwoodien.com', '', 'Hem Raj Khanal', 'Hem Raj Khanal', 'Newsportal site', '1970-01-01', 1, NULL, 'medium', 'sample', NULL, NULL, NULL, NULL, NULL, '2018-09-23 09:25:00', '2018-09-23 09:25:00'),
(7, 8, 1, 8, 8, '2018-09-23', NULL, 'info@longwoodien.com', '', 'Hem Raj Khanal', 'Hem Raj Khanal', 'Newsportal site', '1970-01-01', 1, NULL, 'medium', 'sample', 'Demo', NULL, NULL, NULL, NULL, '2018-09-23 09:26:03', '2018-09-23 09:26:03'),
(8, 8, 1, 8, 8, '2018-09-23', NULL, 'info@longwoodien.com', '', 'Hem Raj Khanal', 'Hem Raj Khanal', 'Newsportal site', '1970-01-01', 1, 'positive', 'medium', 'sample', 'Demo', NULL, NULL, NULL, NULL, '2018-09-23 09:26:45', '2018-09-23 09:26:45'),
(9, 8, 1, 8, 8, '2018-09-23', NULL, 'info@longwoodien.com', '', 'Hem Raj Khanal', 'Hem Raj Khanal', 'Newsportal site', '2018-10-23', 1, 'positive', 'medium', 'sample', 'Demo', NULL, NULL, NULL, NULL, '2018-09-23 09:27:59', '2018-09-23 09:27:59'),
(11, 8, 1, 8, 9, '2018-09-23', NULL, 'info@dewanconsultants.com.np', '', 'Vijay Sapkota', 'Vijay Sapkota', 'web', '1970-01-01', 1, 'positive', 'medium', 'none', 'none', NULL, NULL, NULL, NULL, '2018-09-23 09:42:14', '2018-09-23 09:42:14'),
(12, 8, 1, 8, 10, '2018-09-24', NULL, 'info@meritinternational.com.np', '', 'Bijaya Khadka', 'Bijaya Khadka', 'Facebook update', '1970-01-01', 1, 'Needy', 'high', NULL, NULL, NULL, NULL, NULL, NULL, '2018-09-25 03:41:26', '2018-09-25 03:41:26'),
(13, 8, 1, 8, 11, '1222-09-23', NULL, 'info@longwoodien.com', '', 'ram', 'Hem Raj Khanal', 'fb', '1970-01-01', 1, 'need', 'medium', NULL, NULL, NULL, NULL, NULL, NULL, '2018-09-25 03:44:47', '2018-09-25 03:44:47'),
(14, 3, 1, 8, 8, '2018-09-25', NULL, 'dlip.chaudhary@gmail.com', '', 'Kamal', 'Dilip', 'Lorem ipsum dolor sit amet,sed diam nonumy eirmod tempor invidunt ut labore et dolore magna aliquyam erat,  At vero eos et accusam et justo duo dolores et ea rebum.  Lorem ipsum dolor sit amet,  no sea takimata sanctus est Lorem ipsum dolor sit amet.  Stet clita kasd gubergren,  no sea takimata sanctus est Lorem ipsum dolor sit amet.  no sea takimata sanctus est Lorem ipsum dolor sit amet.  no sea takimata sanctus est Lorem ipsum dolor sit amet.  sed diam voluptua.', '2018-09-28', 1, 'Lorem ipsum dolor sit amet,sed diam nonumy eirmod tempor invidunt ut labore et dolore magna aliquyam erat,  At vero eos et accusam et justo duo dolores et ea rebum.  Lorem ipsum dolor sit amet,  no sea takimata sanctus est Lorem ipsum dolor sit amet.  Stet clita kasd gubergren,  no sea takimata sanctus est Lorem ipsum dolor sit amet.  no sea takimata sanctus est Lorem ipsum dolor sit amet.  no sea takimata sanctus est Lorem ipsum dolor sit amet.  sed diam voluptua.', 'high', 'Lorem ipsum dolor sit amet,sed diam nonumy eirmod tempor invidunt ut labore et dolore magna aliquyam erat,  At vero eos et accusam et justo duo dolores et ea rebum.  Lorem ipsum dolor sit amet,  no sea takimata sanctus est Lorem ipsum dolor sit amet.  Stet clita kasd gubergren,  no sea takimata sanctus est Lorem ipsum dolor sit amet.  no sea takimata sanctus est Lorem ipsum dolor sit amet.  no sea takimata sanctus est Lorem ipsum dolor sit amet.  sed diam voluptua.', 'Lorem ipsum dolor sit amet,sed diam nonumy eirmod tempor invidunt ut labore et dolore magna aliquyam erat,  At vero eos et accusam et justo duo dolores et ea rebum.  Lorem ipsum dolor sit amet,  no sea takimata sanctus est Lorem ipsum dolor sit amet.  Stet clita kasd gubergren,  no sea takimata sanctus est Lorem ipsum dolor sit amet.  no sea takimata sanctus est Lorem ipsum dolor sit amet.  no sea takimata sanctus est Lorem ipsum dolor sit amet.  sed diam voluptua.', NULL, NULL, NULL, NULL, '2018-09-25 04:25:40', '2018-09-25 04:25:40'),
(15, 8, 1, 8, 10, '1018-09-25', NULL, 'info@longwoodien.com', '', 'Hem Raj Khanal', 'Vijay Sapkota', 'WEB', '1970-01-01', 1, 'need', 'medium', NULL, NULL, NULL, NULL, NULL, NULL, '2018-09-25 04:40:51', '2018-09-25 04:40:51'),
(16, 8, 1, 8, 12, '2000-02-03', NULL, 'khanalhem123017@gmail.com', '', 'Hem Raj Khanal', 'Vijay Sapkota', 'web', '1970-01-01', 1, 'dd', 'high', NULL, NULL, NULL, NULL, NULL, NULL, '2018-09-26 03:00:03', '2018-09-26 03:00:03'),
(17, 8, 1, 8, 13, '2018-09-25', NULL, 'info@ambitiousnepal.edu.np', '', 'Prabendra Singh', 'Prabendra Singh', 'Web and fb boost', '1970-01-01', 1, 'They are not satisfy from another company.', 'medium', NULL, NULL, NULL, NULL, NULL, NULL, '2018-09-26 03:19:40', '2018-09-26 03:19:40'),
(18, 8, 1, 1, 14, '2018-09-27', NULL, 'lalitpurnursingcampus@gmail.com', '', 'Receptionist', 'Receptionist', 'Send our proposal', '1970-01-01', 0, 'no communication with senior', 'medium', NULL, NULL, NULL, NULL, NULL, NULL, '2018-09-27 07:33:48', '2018-09-27 07:33:48'),
(19, 8, 1, 7, 16, '2018-09-27', NULL, 'info@roamingnepal.com', '', 'Receptionist', 'Mohan Subedi', 'None', '1970-01-01', 0, NULL, 'low', NULL, NULL, NULL, NULL, NULL, NULL, '2018-09-27 07:39:12', '2018-09-27 07:39:12'),
(20, 8, 1, 3, 17, '2018-09-27', NULL, 'bajra@gmail.com', '', 'Receptionist', 'Mrs', 'None', '1970-01-01', 0, 'They have some problems from Gov.', 'low', NULL, NULL, NULL, NULL, NULL, NULL, '2018-09-27 07:42:32', '2018-09-27 07:42:32'),
(21, 8, 1, 3, 18, '2018-09-27', NULL, 'mav@mos.com.np', '', 'Shambhu pd. Paudyal', 'Shambhu pd. Paudyal', 'will inform us', '1970-01-01', 0, 'Issue on Gov. policies', 'medium', NULL, NULL, NULL, NULL, NULL, NULL, '2018-09-27 07:46:40', '2018-09-27 07:46:40'),
(22, 8, 1, 3, 20, '2018-09-27', NULL, 'madinaintl@gmail.com', '', 'Subash k.c', 'Sonu Shr', 'Will inform us', '1970-01-01', 0, 'Issue on gov. policies', 'low', NULL, NULL, NULL, NULL, NULL, NULL, '2018-09-27 07:50:36', '2018-09-27 07:50:36'),
(23, 8, 1, 1, 21, '2018-09-27', NULL, 'kidzeesanepa@gmail.com', '', 'Ajeena Shakya', 'Ajeena Shakya', 'Web \r\nAfter Dashain', '1970-01-01', 1, NULL, 'medium', NULL, NULL, NULL, NULL, NULL, NULL, '2018-09-27 07:53:04', '2018-09-27 07:53:04'),
(24, 8, 1, 6, 22, '2018-09-27', NULL, 'sister@gmail.com', '', 'Hariram Sunuwar', 'Hariram Sunuwar', 'Web for The Salvation Mission', '1970-01-01', 1, NULL, 'high', NULL, NULL, NULL, NULL, NULL, NULL, '2018-09-27 07:56:54', '2018-09-27 07:56:54'),
(25, 8, 1, 1, 18, '2018-09-27', NULL, 'surshalamusic@gmail.com', '', 'Receptionist', 'Mrs', 'Facebook Boosting and Video', '1970-01-01', 1, NULL, 'medium', NULL, NULL, NULL, NULL, NULL, NULL, '2018-09-27 08:00:10', '2018-09-27 08:00:10'),
(26, 8, 1, 5, 24, '2018-09-03', NULL, 'sister@gmail.com', '', 'Receptionist', 'Mrs', 'jpt', '1970-01-01', 1, NULL, 'high', NULL, NULL, NULL, NULL, NULL, NULL, '2018-09-27 10:15:39', '2018-09-27 10:15:39'),
(35, 8, 1, 8, 9, '2018-09-28', NULL, 'info@dewanconsultants.com.np', '', 'Vijay Sapkota', 'Vijay Sapkota', 'web', '2018-09-30', 1, 'positive', 'medium', 'none', 'none', 'fb', NULL, NULL, NULL, '2018-09-28 10:27:06', '2018-09-28 10:27:06'),
(36, 8, 1, 8, 12, '2018-09-30', NULL, 'khanalhem123017@gmail.com', '', 'Hem Raj Khanal', 'Vijay Sapkota', 'web', '2018-09-30', 1, 'dd', 'high', NULL, NULL, 'web', NULL, NULL, NULL, '2018-09-28 10:27:55', '2018-09-28 10:27:55'),
(37, 8, 1, 8, 10, '2018-09-28', NULL, 'info@longwoodien.com', '', 'Hem Raj Khanal', 'Vijay Sapkota', 'WEB', '2018-09-30', 1, 'need', 'medium', NULL, NULL, 'web', NULL, NULL, NULL, '2018-09-28 10:29:18', '2018-09-28 10:29:18'),
(38, 8, 1, 8, 32, '2018-10-28', NULL, 'nisha@vedshala.com.np', '', 'Nisha Bhattarai', 'nisha@vedshala.com.np', 'web', '1970-01-01', 1, NULL, 'high', NULL, NULL, NULL, NULL, NULL, NULL, '2018-10-01 03:13:25', '2018-10-01 03:13:25'),
(39, 8, 1, 8, 33, '2018-09-30', NULL, 'info@matesedu.com', '', 'Pratima Pandey', 'Pratima Pandey', 'Web maitenance', '1970-01-01', 1, NULL, 'medium', NULL, NULL, NULL, NULL, NULL, NULL, '2018-10-01 03:17:34', '2018-10-01 03:17:34'),
(40, 8, 1, 8, 35, '2018-09-30', NULL, 'newlightconsultancy@outlook.com', '', 'Bibek Thapa', '9851194579', 'Web at low price', '1970-01-01', 1, NULL, 'high', NULL, NULL, NULL, NULL, NULL, NULL, '2018-10-01 03:29:41', '2018-10-01 03:29:41'),
(41, 8, 1, 8, 36, '2018-10-01', NULL, 'dreamconsulting@gmail.com', '', 'Anil k Shah', 'Anil k Shah', 'Design(Flex,visiting card,Brochure)', '1970-01-01', 1, NULL, 'high', NULL, NULL, NULL, NULL, NULL, NULL, '2018-10-01 08:48:47', '2018-10-01 08:48:47'),
(42, 6, 1, 8, 37, '2018-10-02', NULL, 'forevergreensharad@gmail.com', '', 'Sharad Sharma', 'Sharad Sharma', 'They are interested for facebook boost.', '1970-01-01', 1, 'They are interested for facebook boost.', 'high', NULL, NULL, NULL, NULL, NULL, NULL, '2018-10-02 04:28:46', '2018-10-02 04:28:46'),
(43, 6, 1, 8, 38, '2018-10-02', NULL, 'mahesh@schoolabroad.edu.np', '', 'Mahesh Ghimire', 'Mahesh Ghimire', 'will let us know', '1970-01-01', 0, 'will let us know', 'medium', NULL, NULL, NULL, NULL, NULL, NULL, '2018-10-02 04:33:30', '2018-10-02 04:33:30'),
(44, 6, 1, 8, 39, '2018-10-01', NULL, 'shaurabh@valleyinternational.edu.np', '', 'saurav acharya', 'saurav acharya', 'will let us know', '1970-01-01', 0, 'will let us know', 'medium', NULL, NULL, NULL, NULL, NULL, NULL, '2018-10-02 04:37:45', '2018-10-02 04:37:45'),
(45, 6, 1, 8, 40, '2018-10-01', NULL, 'info@bridgeeducation.edu.np', '', 'Receptionist', 'receptionist', 'will let us know', '1970-01-01', 0, 'will let us know', 'medium', NULL, NULL, NULL, NULL, NULL, NULL, '2018-10-02 04:40:52', '2018-10-02 04:40:52'),
(46, 6, 1, 8, 41, '2018-10-01', NULL, 'info@compassintl.edu.np', '', 'Receptionist', 'receptionist', 'will let us know', '1970-01-01', 0, 'will let us know', 'medium', NULL, NULL, NULL, NULL, NULL, NULL, '2018-10-02 04:43:31', '2018-10-02 04:43:31'),
(47, 6, 1, 8, 42, '2018-10-01', NULL, 'nirmal@oasiseducation.com.au', '', 'nirmal bhujel', 'nirmal bhujel', 'need requirement for website', '1970-01-01', 1, 'need requirement for website', 'medium', NULL, 'need requirement for website', NULL, NULL, NULL, NULL, '2018-10-02 04:47:11', '2018-10-02 04:47:11'),
(48, 6, 1, 8, 43, '2018-10-01', NULL, 'uknepal@gmail.com', '', 'Receptionist', 'receptionist', 'will let us know', '1970-01-01', 0, 'will let us know', 'medium', NULL, NULL, NULL, NULL, NULL, NULL, '2018-10-02 04:49:36', '2018-10-02 04:49:36'),
(49, 6, 1, 8, 44, '2018-10-01', NULL, 'info@globalmoon.edu.np', '', 'krishna acharya', 'krishna acharya', 'need foe website', '1970-01-01', 1, 'need foe website designing', 'medium', NULL, NULL, NULL, NULL, NULL, NULL, '2018-10-02 04:52:44', '2018-10-02 04:52:44'),
(50, 6, 1, 1, 45, '2018-10-01', NULL, 'atulashi315@gmail.com', '', 'tulasi pd. acharya', 'Tulashi Pd. Acharya', 'will let us know', '1970-01-01', 0, 'will let us know', 'medium', NULL, NULL, NULL, NULL, NULL, NULL, '2018-10-02 04:55:42', '2018-10-02 04:55:42'),
(51, 6, 1, 1, 46, '2018-10-01', NULL, 'mbhsbs@gmail.com', '', 'rakesh raushan', 'rakesh raushan', 'need for school management system', '1970-01-01', 1, 'need for school management system', 'high', NULL, NULL, NULL, NULL, NULL, NULL, '2018-10-02 04:58:51', '2018-10-02 04:58:51'),
(52, 6, 1, 1, 47, '2018-10-01', NULL, 'alkapuriboardinghighschool@gmail.com', '', 'Receptionist', 'receptionist', 'need for school management system', '1970-01-01', 1, 'need for school management system', 'high', NULL, 'need for school management system', NULL, NULL, NULL, NULL, '2018-10-02 05:01:55', '2018-10-02 05:01:55'),
(53, 6, 1, 1, 48, '2018-10-01', NULL, 'sarafsudama@iCloud.com', '', 'sudama saraf', 'sudama saraf', 'need for school management system', '1970-01-01', 1, 'need for school management system', 'high', NULL, NULL, NULL, NULL, NULL, NULL, '2018-10-02 05:04:27', '2018-10-02 05:04:27'),
(54, 6, 1, 8, 49, '2018-10-04', NULL, 'amarbhattarai1@gmail.com', '', 'Amar', 'Amar Bhattarai', 'Hello', '2018-10-18', 1, 'We can do it.', 'medium', 'NOthing', 'Nothing', NULL, NULL, NULL, NULL, '2018-10-03 08:33:45', '2018-10-03 08:33:45'),
(55, 8, 1, 7, 50, '2018-10-03', NULL, 'travelandtourscloud9@gmail.com', '', 'Shambhu Bahadur Thapa', 'Shambhu Bahadur Thapa', 'Not clear', '1970-01-01', 1, NULL, 'medium', NULL, NULL, NULL, NULL, NULL, NULL, '2018-10-03 10:15:53', '2018-10-03 10:15:53'),
(56, 8, 1, 7, 51, '2018-10-03', NULL, 'skypass@mail.com.np', '', 'Arjun K Ghimire', 'Arjun K Ghimire', 'Web with intl payment gateway', '1970-01-01', 1, NULL, 'high', NULL, NULL, NULL, NULL, NULL, NULL, '2018-10-03 10:19:08', '2018-10-03 10:19:08'),
(57, 8, 1, 7, 52, '2018-10-03', NULL, 'travelroshi@gmail.com', '', 'Suraj Shr', 'Roshan Lama', 'Web And other', '1970-01-01', 1, 'web Hack', 'high', NULL, NULL, NULL, NULL, NULL, NULL, '2018-10-03 10:21:37', '2018-10-03 10:21:37'),
(58, 8, 1, 7, 53, '2018-10-03', NULL, 'ashok@bestvalue-tours.com', '', 'Ashok Kumar Thakur', 'Ashok Kumar Thakur', 'something', '1970-01-01', 1, 'Get in Touch', 'medium', NULL, NULL, NULL, NULL, NULL, NULL, '2018-10-03 10:23:46', '2018-10-03 10:23:46'),
(59, 8, 1, 7, 54, '2018-10-03', NULL, 'rupakkhatiwada34@gmail.com', '', 'Rupak Khatiwada', 'Rupak Khatiwada', 'web', '1970-01-01', 0, 'Focusing on Ticketing', 'medium', NULL, NULL, NULL, NULL, NULL, NULL, '2018-10-03 10:26:16', '2018-10-03 10:26:16'),
(60, 8, 1, 7, 55, '2018-10-04', NULL, 'arozonatravelpvt@gmail.com', '', 'Ayush Ghimire', 'Robin Shr', 'Web and FB packages', '1970-01-01', 1, 'Web Down', 'high', NULL, NULL, NULL, NULL, NULL, NULL, '2018-10-04 09:53:07', '2018-10-04 09:53:07'),
(61, 8, 1, 7, 56, '2018-10-04', NULL, 'info@sakuraabroad.com', '', 'Jeetendra Shr', 'Jeetendra Shr', 'Fb', '1970-01-01', 1, NULL, 'medium', NULL, NULL, NULL, NULL, NULL, NULL, '2018-10-04 09:56:45', '2018-10-04 09:56:45'),
(62, 8, 1, 3, 57, '2018-10-04', NULL, 'friendshipjob17@gmail.com', '', 'S.R Bhattarai', 'S.R Bhattarai', 'Web and FB \r\nwill inform us', '1970-01-01', 1, NULL, 'high', NULL, NULL, NULL, NULL, NULL, NULL, '2018-10-04 10:00:36', '2018-10-04 10:00:36'),
(63, 8, 1, 3, 57, '2018-10-04', NULL, 'friendshipjob17@gmail.com', '', 'S.R Bhattarai', 'S.R Bhattarai', 'Web and FB \r\nwill inform us', '1970-01-01', 1, NULL, 'high', NULL, NULL, NULL, NULL, NULL, NULL, '2018-10-04 10:00:36', '2018-10-04 10:00:36'),
(64, 8, 1, 3, 57, '2018-10-04', NULL, 'friendshipjob17@gmail.com', '', 'S.R Bhattarai', 'S.R Bhattarai', 'Web and FB \r\nwill inform us', '1970-01-01', 1, NULL, 'high', NULL, NULL, NULL, NULL, NULL, NULL, '2018-10-04 10:00:36', '2018-10-04 10:00:36'),
(65, 8, 1, 3, 57, '2018-10-04', NULL, 'friendshipjob17@gmail.com', '', 'S.R Bhattarai', 'S.R Bhattarai', 'Web and FB \r\nwill inform us', '1970-01-01', 1, NULL, 'high', NULL, NULL, NULL, NULL, NULL, NULL, '2018-10-04 10:00:36', '2018-10-04 10:00:36'),
(66, 8, 1, 3, 57, '2018-10-04', NULL, 'friendshipjob17@gmail.com', '', 'S.R Bhattarai', 'S.R Bhattarai', 'Web and FB \r\nwill inform us', '1970-01-01', 1, NULL, 'high', NULL, NULL, NULL, NULL, NULL, NULL, '2018-10-04 10:00:37', '2018-10-04 10:00:37'),
(67, 8, 1, 8, 58, '2018-10-04', NULL, 'moktanrbin2@gmail.com', '', 'Rabin Moktan', 'Rabin Moktan', 'FB and Web', '1970-01-01', 1, NULL, 'medium', NULL, NULL, NULL, NULL, NULL, NULL, '2018-10-04 10:03:16', '2018-10-04 10:03:16'),
(68, 8, 1, 8, 59, '2018-10-04', NULL, 'acd2@gmail.com', '', 'Binay simkhada', 'Krishna Khaiwoda', 'Web at low rate\r\nAnd fb', '1970-01-01', 1, NULL, 'high', NULL, NULL, NULL, NULL, NULL, NULL, '2018-10-04 10:06:52', '2018-10-04 10:06:52'),
(69, 8, 1, 8, 60, '2018-10-04', NULL, 'trinityglobaleduconsultancy777@gmail.com', '', 'Sandeep Upreti', 'Sandeep Upreti', 'Brochure Design', '1970-01-01', 1, NULL, 'high', NULL, NULL, NULL, NULL, NULL, NULL, '2018-10-04 10:11:01', '2018-10-04 10:11:01'),
(70, 8, 1, 5, 61, '2018-10-05', NULL, 'miss@gmail.com', '', 'Tanuja', 'Tanuja', 'Web  for her Partners', '1970-01-01', 1, NULL, 'high', NULL, NULL, NULL, NULL, NULL, NULL, '2018-10-05 09:55:46', '2018-10-05 09:55:46'),
(71, 8, 1, 7, 62, '2018-10-05', NULL, 'info@webootravels.com', '', 'Prameshor Shr', 'Prameshor Shr', 'FB', '1970-01-01', 1, NULL, 'medium', NULL, NULL, NULL, NULL, NULL, NULL, '2018-10-05 09:59:33', '2018-10-05 09:59:33'),
(72, 8, 1, 6, 22, '2018-10-05', NULL, 'sister@gmail.com', '', 'Hariram Sunuwar', 'Hariram Sunuwar', 'Web for The Salvation Mission', '2018-10-06', 1, NULL, 'high', NULL, NULL, 'Front Desk', NULL, NULL, NULL, '2018-10-05 10:02:05', '2018-10-05 10:02:05'),
(73, 8, 1, 6, 22, '2018-10-05', NULL, 'sister@gmail.com', '', 'Hariram Sunuwar', 'Hariram Sunuwar', 'Web for The Salvation Mission', '2018-10-06', 1, NULL, 'high', NULL, NULL, 'Front Desk', NULL, NULL, NULL, '2018-10-05 10:02:40', '2018-10-05 10:02:40'),
(74, 8, 1, 9, 63, '2018-10-05', NULL, 'mrs@gmail.com', '', 'Binaya lama', 'Binaya lama', 'Web And animated video', '1970-01-01', 1, NULL, 'high', NULL, NULL, NULL, NULL, NULL, NULL, '2018-10-05 10:05:51', '2018-10-05 10:05:51'),
(75, 8, 1, 7, 64, '2018-10-05', NULL, 'tourdep@fittnepal.com', '', 'Nirab Manandhar', 'Nirab Manandhar', 'Digital Marketing Tools Other than Facebook promotion', '1970-01-01', 1, NULL, 'high', NULL, NULL, NULL, NULL, NULL, NULL, '2018-10-05 10:14:07', '2018-10-05 10:14:07'),
(76, 8, 1, 8, 65, '2018-10-09', NULL, 'thetexasacdemy@gmail.com', '', 'Kalpana Bajracharya', 'Kalpana Bajracharya', 'Web and FB\r\nWill inform us after discussion with her Senior.', '1970-01-01', 1, NULL, 'high', NULL, NULL, NULL, NULL, NULL, NULL, '2018-10-09 09:12:24', '2018-10-09 09:12:24'),
(77, 8, 1, 8, 66, '2018-10-09', NULL, 'admissions.educare@gmail.com', '', 'Krishna sapkota', 'SP Bhattarai', 'Brochure Design, FB,', '1970-01-01', 1, NULL, 'high', NULL, NULL, NULL, NULL, NULL, NULL, '2018-10-09 09:23:37', '2018-10-09 09:23:37'),
(78, 8, 1, 8, 67, '2018-10-09', NULL, 'durbat229@gmail.com', '', 'Durba Thapa', 'Durba Thapa', 'Web maintenance and FB Pacakge', '1970-01-01', 1, NULL, 'high', NULL, NULL, NULL, NULL, NULL, NULL, '2018-10-09 09:44:13', '2018-10-09 09:44:13'),
(79, 8, 1, 8, 69, '2018-10-09', NULL, 'bhuwan.shrestha657@gmail.com', '', 'Bhuwan Shrestha', 'Bhuwan Shrestha', 'FB', '1970-01-01', 1, NULL, 'medium', NULL, NULL, NULL, NULL, NULL, NULL, '2018-10-09 10:07:15', '2018-10-09 10:07:15'),
(80, 8, 1, 8, 70, '2018-10-09', NULL, 'kudosstudy@gmail.com', '', 'Puspa Raj K.C', 'Puspa Raj K.C', 'FB Proposal', '1970-01-01', 1, NULL, 'high', NULL, NULL, NULL, NULL, NULL, NULL, '2018-10-09 10:09:37', '2018-10-09 10:09:37'),
(81, 8, 1, 7, 71, '2018-10-09', NULL, 'jollygorkha@mail.com.np', '', 'Bhupan Singh Karki', 'Bhupan Singh Karki', 'WEB and FB', '1970-01-01', 1, 'They haven\'t web site.', 'high', NULL, NULL, NULL, NULL, NULL, NULL, '2018-10-09 10:12:52', '2018-10-09 10:12:52'),
(82, 8, 1, 8, 72, '2018-10-09', NULL, 'info.genius2@gmail.com', '', 'Kishor Kafle', 'Kishor Kafle', 'FB', '1970-01-01', 0, NULL, 'medium', NULL, NULL, NULL, NULL, NULL, NULL, '2018-10-09 10:14:37', '2018-10-09 10:14:37'),
(83, 8, 1, 8, 74, '2018-10-10', NULL, 'choiceedu@gmail.com', '', 'Rahul Bista', 'Risi Ram Bhusal', 'Web for kinbech.com\r\nFB', '1970-01-01', 1, NULL, 'high', NULL, NULL, NULL, NULL, NULL, NULL, '2018-10-10 09:14:12', '2018-10-10 09:14:12'),
(84, 8, 1, 8, 75, '2018-10-10', NULL, 'team.kalanki@gmail.com', '', 'Ganesh Thapa', 'Ganesh Thapa', 'SMS Marketing', '1970-01-01', 1, NULL, 'high', NULL, NULL, NULL, NULL, NULL, NULL, '2018-10-10 09:28:59', '2018-10-10 09:28:59'),
(85, 8, 1, 8, 80, '2018-10-10', NULL, 'mrs@gmail.com', '', 'Dev Bhandari', 'Dev Bhandari', 'Web and FB after Dashain', '1970-01-01', 1, NULL, 'high', NULL, NULL, NULL, NULL, NULL, NULL, '2018-10-10 09:32:09', '2018-10-10 09:32:09'),
(86, 8, 1, 9, 82, '2018-10-10', NULL, 'mrs@gmail.com', '', 'Bimal Budhathoki', 'Bimal Budhathoki', 'web', '1970-01-01', 1, NULL, 'medium', NULL, NULL, NULL, NULL, NULL, NULL, '2018-10-10 09:34:39', '2018-10-10 09:34:39'),
(87, 8, 1, 8, 83, '2018-10-11', NULL, 'info@unitedknowledge.com.np', '', 'Hari lamichhane', 'Hari lamichhane', 'FB\r\n will inform us', '1970-01-01', 1, NULL, 'medium', NULL, NULL, NULL, NULL, NULL, NULL, '2018-10-11 09:27:59', '2018-10-11 09:27:59'),
(88, 8, 1, 8, 10, '2018-10-10', NULL, 'info@longwoodien.com', '', 'Hem Raj Khanal', 'Vijay Sapkota', 'WEB', '2018-10-11', 1, 'need', 'medium', NULL, NULL, 'follow', NULL, NULL, NULL, '2018-10-11 09:29:06', '2018-10-11 09:29:06'),
(89, 8, 1, 8, 12, '2018-10-11', NULL, 'khanalhem123017@gmail.com', '', 'Hem Raj Khanal', 'Vijay Sapkota', 'web', '2018-10-12', 1, 'dd', 'high', NULL, NULL, 'follow', NULL, NULL, NULL, '2018-10-11 09:29:51', '2018-10-11 09:29:51'),
(90, 8, 1, 8, 84, '2018-10-11', NULL, 'eastwestintl@email.com', '', 'Krishna Nath', 'Krishna Nath', 'FB', '1970-01-01', 1, NULL, 'high', NULL, NULL, NULL, NULL, NULL, NULL, '2018-10-11 09:35:33', '2018-10-11 09:35:33'),
(91, 8, 1, 8, 84, '2018-10-11', NULL, 'eastwestintl@email.com', '', 'Krishna Nath', 'Krishna Nath', 'FB', '1970-01-01', 1, NULL, 'high', NULL, NULL, NULL, NULL, NULL, NULL, '2018-10-11 09:35:35', '2018-10-11 09:35:35'),
(92, 8, 1, 8, 85, '2018-10-11', NULL, 'mrs@gmail.com', '', 'Narendra Bista', 'Narendra Bista', 'FB And Video Making', '1970-01-01', 1, NULL, 'high', NULL, NULL, NULL, NULL, NULL, NULL, '2018-10-11 09:39:48', '2018-10-11 09:39:48'),
(93, 8, 1, 9, 86, '2018-10-11', NULL, 'dipsondp@yahoo.com', '', 'Dipendra Pokharel', 'Diprendra pokharel', 'WEB and FB', '1970-01-01', 1, 'A/C Hack', 'high', NULL, NULL, NULL, NULL, NULL, NULL, '2018-10-11 09:42:55', '2018-10-11 09:42:55'),
(94, 8, 1, 8, 87, '2018-10-11', NULL, 'worldlightedu@gmail.com', '', 'Sujan Lamichhane', 'Sujan Lamichhane', 'WEB and FB', '1970-01-01', 1, NULL, 'high', NULL, NULL, NULL, NULL, NULL, NULL, '2018-10-11 09:44:48', '2018-10-11 09:44:48'),
(95, 8, 1, 8, 88, '2018-10-12', NULL, 'admin@smartstudyaustralia.com.au', '', 'Nihoni Baniya', 'Nihoni Baniya', 'FB', '1970-01-01', 1, 'Shift', 'high', NULL, NULL, NULL, NULL, NULL, NULL, '2018-10-12 07:49:27', '2018-10-12 07:49:27'),
(96, 8, 1, 7, 89, '2018-10-12', NULL, 'floridetravel@gmail.com', '', 'Bikram K Sulu', 'Bikram K Sulu', 'FB', '1970-01-01', 1, NULL, 'medium', NULL, NULL, NULL, NULL, NULL, NULL, '2018-10-12 07:51:33', '2018-10-12 07:51:33'),
(97, 8, 1, 7, 90, '2018-11-18', NULL, 'market@worldfovtous.com', '', 'Front Desk', 'Raj Kumar Devcota', 'Content Writings', '1970-01-01', 1, NULL, 'high', NULL, NULL, NULL, NULL, NULL, NULL, '2018-11-18 10:37:30', '2018-11-18 10:37:30'),
(98, 8, 1, 8, 91, '2018-11-18', NULL, 'alphaeducation@gmail.com', '', 'Ram', 'Ram', 'FB/Web', '1970-01-01', 1, NULL, 'high', NULL, NULL, NULL, NULL, NULL, NULL, '2018-11-18 10:40:44', '2018-11-18 10:40:44'),
(99, 8, 1, 8, 92, '2018-11-18', NULL, 'noribainternational4649@gmail.com', '', 'Badri Lama', 'Badri Lama', 'FB', '1970-01-01', 1, NULL, 'high', NULL, NULL, NULL, NULL, NULL, NULL, '2018-11-18 10:49:03', '2018-11-18 10:49:03'),
(100, 8, 1, 8, 93, '2018-11-18', NULL, 'gurunggopiraj@gmail.com', '', 'Gurung Gopiraj', 'Gurung Gopiraj', 'FB', '1970-01-01', 1, NULL, 'high', NULL, NULL, NULL, NULL, NULL, NULL, '2018-11-19 05:10:25', '2018-11-19 05:10:25'),
(101, 8, 1, 8, 94, '2018-11-20', NULL, 'info@valleysmart.edu.np', '', 'Sunil Prasad kushwaha', 'Sunil Prasad kushwaha', 'FB, Web', '1970-01-01', 1, NULL, 'high', NULL, NULL, NULL, NULL, NULL, NULL, '2018-11-21 04:32:18', '2018-11-21 04:32:18'),
(102, 8, 1, 8, 95, '2018-11-20', NULL, 'bishwobhasa2@gmail.com', '', 'Anita Karki', 'Anita karki', 'WEB and FB', '1970-01-01', 1, NULL, 'medium', NULL, NULL, NULL, NULL, NULL, NULL, '2018-11-21 04:34:13', '2018-11-21 04:34:13'),
(103, 8, 1, 8, 97, '2018-11-20', NULL, 'info@stairwayeducation.edu.np', '', 'Raji Thapa', 'Raji thapa', 'FB, Brochure', '1970-01-01', 1, NULL, 'medium', NULL, NULL, NULL, NULL, NULL, NULL, '2018-11-21 04:36:46', '2018-11-21 04:36:46'),
(104, 8, 1, 1, 100, '2018-11-21', NULL, 'giridasrath@gmail.com', '', 'Dasrath Giri', 'Dasrath Giri', 'WEB', '1970-01-01', 1, NULL, 'high', NULL, NULL, NULL, NULL, NULL, NULL, '2018-11-22 04:15:34', '2018-11-22 04:15:34'),
(105, 8, 1, 8, 102, '2018-11-21', NULL, 'ymeducation@gmail.com', '', 'Satish Kumar Pradhan', 'Satish Kumar pradhan', 'FB', '1970-01-01', 1, NULL, 'high', NULL, NULL, NULL, NULL, NULL, NULL, '2018-11-22 04:18:55', '2018-11-22 04:18:55'),
(106, 8, 1, 8, 103, '2018-11-21', NULL, 'info@abceducation.com.au', '', 'Bhupal', 'Kishwor Dulal', 'Web Maitenance', '1970-01-01', 1, NULL, 'high', NULL, NULL, NULL, NULL, NULL, NULL, '2018-11-22 04:28:18', '2018-11-22 04:28:18'),
(107, 8, 1, 8, 104, '2018-11-20', NULL, 'kathmandu@edcationmigration.com', '', 'Sunil Uprety', 'Sunil Uprety', 'Web Maintenance  Follow After 2 weeks', '1970-01-01', 1, NULL, 'high', NULL, NULL, NULL, NULL, NULL, NULL, '2018-11-22 04:46:32', '2018-11-22 04:46:32'),
(108, 8, 1, 8, 105, '2018-12-02', NULL, 'kathmandu@educationmigratiom.com', '', 'Sunil Uprety', 'Sunil Uprety', 'Web', '1970-01-01', 1, NULL, 'high', NULL, NULL, NULL, NULL, NULL, NULL, '2018-11-22 04:49:14', '2018-11-22 04:49:14'),
(109, 8, 1, 8, 106, '2018-11-23', NULL, 'info@sieceducation.edu.np', '', 'Kishor Budhathoki', 'Kishor Budhathoki', 'FB and Instagram Marketing ,Content', '1970-01-01', 1, NULL, 'high', NULL, NULL, NULL, NULL, NULL, NULL, '2018-11-25 04:50:50', '2018-11-25 04:50:50'),
(110, 8, 1, 8, 107, '2018-11-23', NULL, 'info@speedint.com.np', '', 'Front Desk', 'Prem Raj Dahal', 'Will inform for ADS', '1970-01-01', 1, NULL, 'medium', NULL, NULL, NULL, NULL, NULL, NULL, '2018-11-25 04:53:40', '2018-11-25 04:53:40'),
(111, 8, 1, 8, 110, '2018-11-23', NULL, 'anjanthapa02@gmail.com', '', 'Anjan Thapa', 'Anjan Thapa', 'Design', '1970-01-01', 1, NULL, 'high', NULL, NULL, NULL, NULL, NULL, NULL, '2018-11-25 05:02:24', '2018-11-25 05:02:24'),
(112, 8, 1, 8, 111, '2018-11-23', NULL, 'giriashish07@gmail.com', '', 'Ashish Giri', 'Ashish Giri', 'Not  required now', '1970-01-01', 0, NULL, 'low', NULL, NULL, NULL, NULL, NULL, NULL, '2018-11-25 05:04:58', '2018-11-25 05:04:58'),
(113, 8, 1, 8, 9, '2019-01-27', NULL, '9851147431a@gmail.com', 'Maitidevi-29, Kathmandu', 'Ram Lal Dangol', 'Ram Lal Dangol', 'news portal site', '2019-09-18', 1, NULL, 'medium', 'sample', NULL, NULL, 1, 8, '2019-03-01', '2019-01-27 02:40:57', '2019-07-15 06:58:11'),
(114, 1, 1, 1, 8, '2019-01-27', NULL, 'longwood@gmail.com', '', 'Shyam Lal Dangol', 'Shyam Lal Dangol', 'Sample', '2019-01-28', 1, NULL, 'medium', 'weakness', 'Comments', NULL, 1, 8, '2019-03-01', '2019-01-27 02:48:06', '2019-03-01 11:12:47'),
(115, 1, 1, 2, 8, '2019-01-28', NULL, 'longwood@gmail.com', '', 'Hari Khatri', 'Hari Khatri', 'requirements', '2019-01-28', 1, 'why', 'medium', 'weakness', 'comments', NULL, NULL, NULL, NULL, '2019-01-27 23:55:49', '2019-01-27 23:55:49'),
(116, 9, 1, 3, 9, '2019-01-28', NULL, 'dewan@gmail.com', '', 'Shyam Prasad Pudasaini', 'Shyam Prasad Pudasaini', 'requirements', '2019-01-29', 1, NULL, 'medium', 'weakness', NULL, NULL, NULL, NULL, NULL, '2019-01-28 00:02:50', '2019-01-28 00:02:50'),
(117, 10, 1, 1, 10, '2019-01-28', NULL, 'merit@gmail.com', '', 'Krishna Bhandari', 'Krishna Bhandari', 'requirements', '2019-01-29', 1, NULL, 'medium', NULL, NULL, NULL, NULL, NULL, NULL, '2019-01-28 00:21:35', '2019-01-28 00:21:35'),
(118, 1, 1, 2, 8, '2019-01-28', NULL, 'longwood@gmail.com', '', 'Hari Khatri', 'Hari Khatri', 'requirements', '2019-01-31', 1, 'why', 'medium', 'weakness', 'comments', 'the word', NULL, NULL, NULL, '2019-01-28 02:43:46', '2019-01-28 02:43:46'),
(119, 1, 1, 3, 9, '2019-01-28', NULL, 'dewan@gmail.com', '', 'Shyam Prasad Pudasaini', 'Shyam Prasad Pudasaini', 'requirements', '2019-01-29', 1, NULL, 'medium', 'weakness', NULL, 'the word', 1, 10, '2019-07-15', '2019-01-28 02:57:52', '2019-07-15 07:33:06'),
(120, 1, 1, 2, 9, '2019-02-13', NULL, 'nameen017@gmail.com', '', 'Shyam Lal Dangol', 'Deepak Prasad Paudel', 'requirement', '2019-04-01', 1, NULL, 'medium', 'weakness', 'comments', NULL, 1, 43, '2019-03-27', '2019-02-13 05:19:03', '2019-03-27 06:27:40'),
(121, 1, 1, 2, 9, '2019-02-13', NULL, 'nameen017@gmail.com', '', 'Shyam Lal Dangol', 'Deepak Prasad Paudel', 'requirement', '2019-03-13', 1, NULL, 'medium', 'weakness', 'comments', NULL, 1, 43, '2019-03-27', '2019-02-13 05:21:44', '2019-03-27 06:32:42'),
(122, 1, 1, 2, 9, '2019-02-13', NULL, 'nameen017@gmail.com', '', 'Shyam Lal Dangol', 'Deepak Prasad Paudel', 'requirement', '2019-02-13', 1, 'why', 'medium', 'weakness', 'comments', NULL, 1, 10, '2019-07-15', '2019-02-13 05:22:10', '2019-07-15 07:32:00'),
(123, 1, 1, 2, 9, '2019-02-13', NULL, 'nameen017@gmail.com', '', 'Shyam Lal Dangol', 'Deepak Prasad Paudel', 'requirement', '2019-02-13', 1, 'why', 'medium', 'weakness', 'comments', NULL, 1, 10, '2019-07-15', '2019-02-13 05:22:20', '2019-07-15 07:31:51'),
(124, 17, 1, 2, 8, '2019-02-13', NULL, 'nameen017@gmail.com', '', 'Shyam Lal Dangol', 'Deepak Prasad Paudel', 'requirements', '2019-02-14', 1, 'why', 'medium', 'weakness', 'comments', NULL, NULL, NULL, NULL, '2019-02-13 05:29:58', '2019-02-13 05:29:58'),
(125, 17, 1, 1, 10, '2019-02-13', NULL, 'nameen017@gmail.com', '', 'Shyam Lal Dangol', 'Deepak Prasad Paudel', 'requirements', '2019-02-14', 1, 'why', 'medium', 'weakness', 'comments', NULL, NULL, NULL, NULL, '2019-02-13 05:36:03', '2019-02-13 05:36:03'),
(126, 17, 1, 3, 10, '2019-02-13', NULL, 'namudan2012@gmail.com', '', 'Shyam Lal Dangol', 'Deepak Prasad Paudel', 'ss', '2019-02-14', 1, 'df', 'medium', 'd', 'ddf', NULL, NULL, NULL, NULL, '2019-02-13 05:38:00', '2019-02-13 05:38:00'),
(127, 17, 1, 1, 8, '2019-02-14', NULL, 'nameen017@gmail.com', '', 'Shyam Lal Dangol', 'Deepak Prasad Paudel', 'requirements', '2019-02-15', 1, 'why', 'medium', 'weakness', 'comments', NULL, NULL, NULL, NULL, '2019-02-13 22:25:08', '2019-02-13 22:25:08'),
(128, 17, 1, 2, 8, '2019-02-14', NULL, 'nameen017@gmail.com', '', 'Shyam Lal Dangol', 'Deepak Prasad Paudel', 'lnfsn', '2019-02-15', 1, 'sfdsf', 'medium', 'sf', 'lnfdd', NULL, NULL, NULL, NULL, '2019-02-13 22:26:47', '2019-02-13 22:26:47'),
(129, 17, 1, 2, 8, '2019-02-14', NULL, '9851147431a@gmail.com', '', 'Shyam Lal Dangol', 'Deepak Prasad Paudel', 'fgfd', '2019-02-15', 1, 'fgfdf', 'medium', 'ffd', 'ff', NULL, NULL, NULL, NULL, '2019-02-13 23:53:49', '2019-02-13 23:53:49'),
(142, 21, 1, 2, 8, '2019-02-28', NULL, 'nameen017@gmail.com', '', 'Shyam Lal Dangol', 'Namin Dangol', 'requirements', '2019-03-01', 1, NULL, 'medium', 'weakness', 'fsdf', NULL, NULL, NULL, NULL, '2019-02-28 10:20:46', '2019-02-28 10:34:25'),
(143, 3, 1, 10, 9, '2019-03-05', NULL, '9851147431a@gmail.com', '', 'Shyam Lal Dangol', 'Deepak Prasad Paudel', 'dfd', '2019-03-06', 1, 'dsf', 'medium', 'sdfds', 'sdf', NULL, 1, 3, '2019-04-17', '2019-03-05 05:17:40', '2019-03-06 09:39:09'),
(144, 3, 1, 10, 9, '2019-03-05', NULL, '9851147431a@gmail.com', '', 'Shyam Lal Dangol', 'Deepak Prasad Paudel', 'dfd', '2019-03-06', 1, 'dsf', 'medium', 'sdfds', 'sdf', NULL, 1, 3, '2019-04-10', '2019-03-05 05:17:52', '2019-03-06 09:39:14'),
(145, 43, 1, 2, 9, '2019-03-27', NULL, 'nameen017@gmail.com', 'Basundhara, Kathmandu', 'Shyam Lal Dangol', 'Deepak Prasad Paudel', 'requirements', '2019-03-29', 1, 'why', 'medium', 'weakness', 'comments', NULL, 1, 43, '2019-03-27', '2019-03-27 06:24:37', '2019-03-27 06:45:30'),
(146, 43, 1, 2, 9, '2019-03-27', NULL, 'nameen017@gmail.com', 'Basundhara, Kathmandu', 'Shyam Lal Dangol', 'Deepak Prasad Paudel', 'requirements', '2019-03-29', 1, 'why', 'medium', 'weakness', 'comments', NULL, 1, NULL, '2019-03-27', '2019-03-27 06:25:39', '2019-03-27 06:45:20'),
(147, 43, 1, 5, 9, '2019-03-27', NULL, 'nameen017@gmail.com', 'Maitidevi, Kathmandu', 'Hari Poudel', 'Hari Poudel', 'requirements', '2019-03-28', 1, 'reason', 'medium', 'weakness', 'comments', NULL, 1, NULL, '2019-03-27', '2019-03-27 06:41:50', '2019-03-27 06:44:04'),
(149, 43, 1, 1, 8, '2019-03-31', NULL, 'nameen017@gmail.com', 'Maitidevi-29, Kathmandu', 'Shyam Lal Dangol', 'Deepak Prasad Paudel', 'requirements', '2019-03-31', 1, 'reason', 'medium', 'weakness', 'comments', NULL, NULL, NULL, NULL, '2019-03-31 06:10:40', '2019-03-31 06:10:40'),
(150, 43, 1, 1, 8, '2019-03-31', NULL, 'nameen017@gmail.com', 'Maitidevi-29, Kathmandu', 'Shyam Lal Dangol', 'Deepak Prasad Paudel', 'requirements', '2019-03-31', 1, 'reason', 'medium', 'weakness', 'comments', NULL, NULL, NULL, NULL, '2019-03-31 06:15:50', '2019-03-31 06:15:50'),
(151, 43, 1, 1, 8, '2019-03-31', NULL, 'nameen017@gmail.com', 'Maitidevi-29, Kathmandu', 'Shyam Lal Dangol', 'Deepak Prasad Paudel', 'requirements', '2019-03-31', 1, 'reason', 'medium', 'weakness', 'comments', NULL, NULL, NULL, NULL, '2019-03-31 06:16:20', '2019-03-31 06:16:20'),
(152, 43, 1, 1, 8, '2019-03-31', NULL, 'nameen017@gmail.com', 'Maitidevi-29, Kathmandu', 'Shyam Lal Dangol', 'Deepak Prasad Paudel', 'requirements', '2019-03-31', 1, 'reason', 'medium', 'weakness', 'comments', NULL, NULL, NULL, NULL, '2019-03-31 06:16:30', '2019-03-31 06:16:30'),
(153, 43, 1, 2, 8, '2019-03-31', NULL, 'nameen017@gmail.com', 'Maitidevi-29, Kathmandu', 'Shyam Lal Dangol', 'Deepak Prasad Paudel', 'requirements', '2019-03-31', 1, 'reason', 'medium', 'weakness', 'comments', NULL, NULL, NULL, NULL, '2019-03-31 06:21:01', '2019-03-31 06:21:01'),
(154, 43, 1, 2, 8, '2019-03-31', NULL, 'nameen017@gmail.com', 'Maitidevi-29, Kathmandu', 'Shyam Lal Dangol', 'Deepak Prasad Paudel', 'requirements', '2019-03-31', 1, 'reason', 'medium', 'weakness', 'comments', NULL, NULL, NULL, NULL, '2019-03-31 06:24:24', '2019-03-31 06:24:24'),
(155, 43, 1, 2, 8, '2019-03-31', NULL, 'nameen017@gmail.com', 'Maitidevi-29, Kathmandu', 'Shyam Lal Dangol', 'Deepak Prasad Paudel', 'fd', '2019-04-01', 1, 'fgfd', 'medium', 'fdf', 'fgf', NULL, NULL, NULL, NULL, '2019-03-31 06:33:16', '2019-03-31 06:33:16'),
(156, 43, 1, 2, 8, '2019-03-31', NULL, 'nameen017@gmail.com', 'Maitidevi-29, Kathmandu', 'Shyam Lal Dangol', 'Deepak Prasad Paudel', 'fd', '2019-04-01', 1, 'fgfd', 'medium', 'fdf', 'fgf', NULL, NULL, NULL, NULL, '2019-03-31 06:35:21', '2019-03-31 06:35:21'),
(157, 43, 1, 2, 8, '2019-03-31', NULL, 'nameen017@gmail.com', 'Maitidevi-29, Kathmandu', 'Shyam Lal Dangol', 'Deepak Prasad Paudel', 'fd', '2019-04-01', 1, 'fgfd', 'medium', 'fdf', 'fgf', NULL, NULL, NULL, NULL, '2019-03-31 06:35:50', '2019-03-31 06:35:50'),
(158, 43, 1, 2, 8, '2019-03-31', NULL, 'nameen017@gmail.com', 'Maitidevi-29, Kathmandu', 'Shyam Lal Dangol', 'Deepak Prasad Paudel', 'fd', '2019-04-01', 1, 'fgfd', 'medium', 'fdf', 'fgf', NULL, NULL, NULL, NULL, '2019-03-31 06:41:54', '2019-03-31 06:41:54'),
(159, 43, 1, 1, 8, '2019-03-31', NULL, '9851147431a@gmail.com', 'Maitidevi-29, Kathmandu', 'Ram Lal', 'Deepak Prasad Paudel', 'fdsg', '2019-04-01', 1, 'fgfdg', 'medium', 'fgg', 'fgf', NULL, NULL, NULL, NULL, '2019-03-31 06:44:15', '2019-03-31 06:44:15'),
(160, 43, 1, 1, 8, '2019-03-31', NULL, '9851147431a@gmail.com', 'Maitidevi-29, Kathmandu', 'Ram Lal', 'Deepak Prasad Paudel', 'fdsg', '2019-04-01', 1, 'fgfdg', 'medium', 'fgg', 'fgf', NULL, NULL, NULL, NULL, '2019-03-31 06:45:19', '2019-03-31 06:45:19'),
(161, 43, 1, 3, 8, '2019-03-31', NULL, '9851147431a@gmail.com', 'Maitidevi-29, Kathmandu', 'Shyam Lal Dangol', 'Deepak Prasad Paudel', 'fgfdg', '2019-04-01', 1, 'fgfdg', 'medium', 'fgfdg', 'fgff', NULL, NULL, NULL, NULL, '2019-03-31 06:46:27', '2019-03-31 06:46:27'),
(162, 43, 1, 1, 8, '2019-03-31', NULL, 'nameen017@gmail.com', 'Maitidevi-29, Kathmandu', 'Shyam Lal Dangol', 'Deepak Prasad Paudel', 'requirements', '2019-04-01', 1, 'dfsdfd', 'medium', 'sdfsdf', 'sdfd', NULL, NULL, NULL, NULL, '2019-03-31 08:07:02', '2019-03-31 08:07:02'),
(163, 43, 1, 2, 8, '2019-03-31', NULL, 'nameen017@gmail.com', 'Maitidevi-29, Kathmandu', 'Shyam Lal Dangol', 'Deepak Prasad Paudel', 'sdfdsfd', '2019-04-01', 1, 'sdfds', 'medium', 'dsfds', 'sdfd', NULL, NULL, NULL, NULL, '2019-03-31 08:10:27', '2019-03-31 08:10:27'),
(164, 43, 1, 1, 8, '2019-03-31', NULL, 'nameen017@gmail.com', 'Maitidevi-29, Kathmandu', 'Shyam Lal Dangol', 'Deepak Prasad Paudel', 'sdfdsfsd', '2019-04-01', 1, 'sfddf', 'medium', 'dfsdf', 'dff', NULL, NULL, NULL, NULL, '2019-03-31 08:17:47', '2019-03-31 08:17:47'),
(165, 1, 1, 1, 8, '2019-05-14', NULL, '9851147431a@gmail.com', 'Maitidevi-29, Kathmandu', 'Shyam Lal Dangol', 'Deepak Prasad Paudel', 'zXz', NULL, 1, NULL, 'medium', 'zxzxz', 'ffvfds', NULL, 1, 10, '2019-07-15', '2019-05-14 06:08:35', '2019-07-15 07:32:18'),
(166, 49, 1, 2, 9, '2019-05-14', NULL, '9851147431a@gmail.com', 'Maitidevi-29, Kathmandu', 'Ram Lal', 'Deepak Prasad Paudel', 'ef', NULL, 0, NULL, 'medium', 'eeffe', 'fwf', NULL, 1, 49, '2019-06-30', '2019-05-14 06:17:48', '2019-06-30 06:46:34'),
(167, 44, 1, 2, 116, '2019-06-06', NULL, '9851147431a@gmail.com', 'Maitidevi-29, Kathmandu', 'Shyam Lal Dangol', 'Deepak Prasad Paudel', 'sdsa', '2019-06-06', 1, NULL, 'high', 'sdasdas', 'asdasd', NULL, NULL, NULL, NULL, '2019-06-05 11:17:09', '2019-06-06 04:29:58'),
(168, 44, 1, 3, 116, '2019-06-06', NULL, '1@gmail.com', 'Maitidevi-29, Kathmandu', 'Shyam Lal Dangol', 'Deepak Prasad Paudel', 'fdfe', '2019-06-07', 1, 'asdas', 'high', 'adasd', 'sds', NULL, NULL, NULL, NULL, '2019-06-06 05:31:10', '2019-06-06 05:31:10'),
(172, 49, 1, 1, 8, '2019-06-23', NULL, '9851147431a@gmail.com', 'Maitidevi-29, Kathmandu', 'Shyam Lal Dangol', 'Deepak Prasad Paudel', 'ads', '2019-06-12', 1, NULL, 'high', 'dsd', 'sds', NULL, NULL, NULL, NULL, '2019-06-23 10:34:20', '2019-06-23 10:38:46'),
(173, 1, 1, 1, 8, '2019-06-18', NULL, '9851147431a@gmail.com', NULL, 'Shyam Lal Dangol', 'Deepak Prasad Paudel', 'ads', '2019-06-27', 1, NULL, 'high', 'dsd', 'sds', 'dss', 1, 3, '2019-07-15', '2019-06-23 10:54:26', '2019-07-15 07:33:35'),
(174, 49, 1, 1, 8, '2019-06-23', NULL, '9851147431a@gmail.com', NULL, 'Shyam Lal Dangol', 'Deepak Prasad Paudel', 'ads', '2019-06-28', 1, NULL, 'high', 'dsd', 'sds', 'ddd', NULL, NULL, NULL, '2019-06-23 10:57:58', '2019-06-23 10:57:58'),
(175, 49, 1, 3, 8, '2019-06-30', NULL, '9851147431a@gmail.com', 'Maitidevi-29, Kathmandu', 'Arjun Karki', 'Deepak Prasad Paudel', 'dfd', '2019-06-04', 1, 'dfdsf', 'medium', 'fdfd', 'sdfdsf', NULL, 1, 48, '2019-07-15', '2019-06-30 04:20:07', '2019-07-15 07:34:43'),
(176, 49, 1, 3, 8, '2019-06-30', NULL, '9851147431a@gmail.com', 'Maitidevi-29, Kathmandu', 'Arjun Karki', 'Deepak Prasad Paudel', 'dfd', '2019-06-04', 1, 'dfdsf', 'medium', 'fdfd', 'sdfdsf', NULL, 1, 48, '2019-07-15', '2019-06-30 04:20:07', '2019-07-15 07:35:06'),
(177, 49, 1, 2, 9, '2019-06-30', NULL, '9851147431a@gmail.com', 'Maitidevi-29, Kathmandu', 'Shyam Prasai', 'Deepak Prasad Paudel', 'ffgfg', '2019-06-30', 1, 'fgfdgfd', 'medium', 'ffgf', 'dfgfdg', NULL, NULL, NULL, NULL, '2019-06-30 04:46:50', '2019-06-30 04:46:50'),
(180, 49, 1, 2, 11, '2019-06-30', NULL, '9851147431a@gmail.com', 'Maitidevi-29, Kathmandu', 'Shyam Prasai', 'Deepak Prasad Paudel', 'dfdsf', '2019-06-30', 1, 'dff', 'medium', 'fdf', 'dfsdf', NULL, NULL, NULL, NULL, '2019-06-30 04:54:53', '2019-06-30 04:54:53'),
(181, 49, 1, 2, 11, '2019-06-30', NULL, '9851147431a@gmail.com', NULL, 'Shyam Prasai', 'Deepak Prasad Paudel', 'dfdsf', '2019-07-01', 1, 'dff', 'medium', 'fdf', 'dfsdf', 'ffdfds', NULL, NULL, NULL, '2019-06-30 04:55:19', '2019-06-30 04:55:19'),
(182, 49, 1, 3, 12, '2019-06-30', NULL, '9851147431a@gmail.com', 'Maitidevi-29, Kathmandu', 'Shyam Prasai', 'Deepak Prasad Paudel', 'dfsdfds', '2019-06-30', 1, NULL, 'medium', 'sdfsdf', 'sdfsd', NULL, NULL, NULL, NULL, '2019-06-30 05:43:44', '2019-06-30 06:06:33'),
(183, 49, 1, 3, 12, '2019-06-30', NULL, '9851147431a@gmail.com', 'Maitidevi-29, Kathmandu', 'Shyam Prasai', 'Deepak Prasad Paudel', 'dfsdfds', '2019-07-01', 1, NULL, 'medium', 'sdfsdf', 'sdfsd', 'dsfsdfsd', NULL, NULL, NULL, '2019-06-30 05:43:57', '2019-06-30 05:49:58'),
(184, 49, 1, 3, 12, '2019-06-30', NULL, '9851147431a@gmail.com', 'Maitidevi-29, Kathmandu', 'Shyam Prasai', 'Deepak Prasad Paudel', 'dfsdfds', '2019-07-02', 1, NULL, 'medium', 'sdfsdf', 'sdfsd', 'sadsads', NULL, NULL, NULL, '2019-06-30 05:48:40', '2019-06-30 05:49:50'),
(185, 49, 1, 3, 12, '2019-06-30', NULL, '9851147431a@gmail.com', 'Maitidevi-29, Kathmandu', 'Shyam Prasai', 'Deepak Prasad Paudel', 'dfsdfds', '2019-06-03', 1, NULL, 'medium', 'sdfsdf', 'sdfsd', 'dsfsdf', NULL, NULL, NULL, '2019-06-30 05:50:18', '2019-06-30 05:50:18'),
(186, 49, 1, 3, 12, '2019-06-30', NULL, '9851147431a@gmail.com', 'Maitidevi-29, Kathmandu', 'Shyam Prasai', 'Deepak Prasad Paudel', 'dfsdfds', '2019-06-30', 1, NULL, 'medium', 'sdfsdf', 'sdfsd', 'fdfd', NULL, NULL, NULL, '2019-06-30 05:54:13', '2019-06-30 06:28:29'),
(187, 1, 1, 1, 117, '2019-07-01', NULL, 'nameen017@gmail.com', 'Basundhara, Kathmandu', 'Shyam Prasai', 'Shyam Prasai', 'requirement', '2019-07-15', 1, NULL, 'high', 'weakness', 'comments', NULL, 1, 48, '2019-07-15', '2019-07-01 06:21:45', '2019-07-15 07:36:21');

-- --------------------------------------------------------

--
-- Table structure for table `field_visit_contacts`
--

CREATE TABLE `field_visit_contacts` (
  `id` int(10) UNSIGNED NOT NULL,
  `field_visit_id` int(10) UNSIGNED NOT NULL,
  `contact_number` varchar(191) COLLATE utf8mb4_unicode_ci DEFAULT NULL,
  `contact_email` varchar(191) COLLATE utf8mb4_unicode_ci DEFAULT NULL,
  `created_at` timestamp NULL DEFAULT NULL,
  `updated_at` timestamp NULL DEFAULT NULL
) ENGINE=InnoDB DEFAULT CHARSET=utf8mb4 COLLATE=utf8mb4_unicode_ci;

--
-- Dumping data for table `field_visit_contacts`
--

INSERT INTO `field_visit_contacts` (`id`, `field_visit_id`, `contact_number`, `contact_email`, `created_at`, `updated_at`) VALUES
(4, 5, '984952314', 'khanalhem123017@gmail.com', '2018-09-23 09:24:15', '2018-09-23 09:24:15'),
(5, 6, '984952314', 'khanalhem123017@gmail.com', '2018-09-23 09:25:00', '2018-09-23 09:25:00'),
(6, 7, '984952314', 'khanalhem123017@gmail.com', '2018-09-23 09:26:03', '2018-09-23 09:26:03'),
(7, 8, '984952314', 'khanalhem123017@gmail.com', '2018-09-23 09:26:45', '2018-09-23 09:26:45'),
(8, 9, '984952314', 'khanalhem123017@gmail.com', '2018-09-23 09:27:59', '2018-09-23 09:27:59'),
(9, 11, '', '', '2018-09-23 09:42:14', '2018-09-23 09:42:14'),
(10, 12, '9851125495', 'info@meritinternational.com.np', '2018-09-25 03:41:26', '2018-09-25 03:41:26'),
(11, 13, '', '', '2018-09-25 03:44:47', '2018-09-25 03:44:47'),
(12, 14, '9843669522', 'dlip.chaudhary@gmail.com', '2018-09-25 04:25:40', '2018-09-25 04:25:40'),
(13, 14, '', 'email@gmail.com', '2018-09-25 04:25:40', '2018-09-25 04:25:40'),
(14, 15, '', '', '2018-09-25 04:40:51', '2018-09-25 04:40:51'),
(15, 16, '', '', '2018-09-26 03:00:03', '2018-09-26 03:00:03'),
(16, 17, '9841122405', 'info@ambitiousnepal.edu.np', '2018-09-26 03:19:40', '2018-09-26 03:19:40'),
(17, 18, '', '', '2018-09-27 07:33:48', '2018-09-27 07:33:48'),
(18, 19, '9851193482/9801193482', '', '2018-09-27 07:39:12', '2018-09-27 07:39:12'),
(19, 20, '', '', '2018-09-27 07:42:32', '2018-09-27 07:42:32'),
(20, 21, '', '', '2018-09-27 07:46:40', '2018-09-27 07:46:40'),
(21, 22, '5529855', '', '2018-09-27 07:50:36', '2018-09-27 07:50:36'),
(22, 23, '', '', '2018-09-27 07:53:04', '2018-09-27 07:53:04'),
(23, 24, '9869529707', '', '2018-09-27 07:56:54', '2018-09-27 07:56:54'),
(24, 25, '', '', '2018-09-27 08:00:10', '2018-09-27 08:00:10'),
(25, 26, '', '', '2018-09-27 10:15:39', '2018-09-27 10:15:39'),
(29, 31, '', '', '2018-09-28 10:13:31', '2018-09-28 10:13:31'),
(30, 32, '', '', '2018-09-28 10:16:15', '2018-09-28 10:16:15'),
(31, 38, '', '', '2018-10-01 03:13:25', '2018-10-01 03:13:25'),
(32, 39, '', '', '2018-10-01 03:17:34', '2018-10-01 03:17:34'),
(33, 40, '', '', '2018-10-01 03:29:41', '2018-10-01 03:29:41'),
(34, 41, '', '', '2018-10-01 08:48:47', '2018-10-01 08:48:47'),
(35, 42, '', '', '2018-10-02 04:28:46', '2018-10-02 04:28:46'),
(36, 43, '', '', '2018-10-02 04:33:30', '2018-10-02 04:33:30'),
(37, 44, '', '', '2018-10-02 04:37:45', '2018-10-02 04:37:45'),
(38, 45, '', '', '2018-10-02 04:40:52', '2018-10-02 04:40:52'),
(39, 46, '', '', '2018-10-02 04:43:31', '2018-10-02 04:43:31'),
(40, 47, '', '', '2018-10-02 04:47:11', '2018-10-02 04:47:11'),
(41, 48, '', '', '2018-10-02 04:49:36', '2018-10-02 04:49:36'),
(42, 49, '', '', '2018-10-02 04:52:44', '2018-10-02 04:52:44'),
(43, 50, '', '', '2018-10-02 04:55:42', '2018-10-02 04:55:42'),
(44, 51, '', '', '2018-10-02 04:58:51', '2018-10-02 04:58:51'),
(45, 52, '', '', '2018-10-02 05:01:55', '2018-10-02 05:01:55'),
(46, 53, '', '', '2018-10-02 05:04:27', '2018-10-02 05:04:27'),
(47, 54, '9851237890', 'amarbhattarai1@gmail.com', '2018-10-03 08:33:45', '2018-10-03 08:33:45'),
(48, 55, '', '', '2018-10-03 10:15:53', '2018-10-03 10:15:53'),
(49, 56, '', '', '2018-10-03 10:19:08', '2018-10-03 10:19:08'),
(50, 57, '9851171415', '', '2018-10-03 10:21:37', '2018-10-03 10:21:37'),
(51, 58, '', '', '2018-10-03 10:23:46', '2018-10-03 10:23:46'),
(52, 59, '', '', '2018-10-03 10:26:16', '2018-10-03 10:26:16'),
(53, 60, '9851055525,9801077802', '', '2018-10-04 09:53:07', '2018-10-04 09:53:07'),
(54, 61, '', '', '2018-10-04 09:56:45', '2018-10-04 09:56:45'),
(55, 62, '', '', '2018-10-04 10:00:36', '2018-10-04 10:00:36'),
(56, 64, '', '', '2018-10-04 10:00:36', '2018-10-04 10:00:36'),
(57, 63, '', '', '2018-10-04 10:00:36', '2018-10-04 10:00:36'),
(58, 65, '', '', '2018-10-04 10:00:36', '2018-10-04 10:00:36'),
(59, 66, '', '', '2018-10-04 10:00:37', '2018-10-04 10:00:37'),
(60, 67, '', '', '2018-10-04 10:03:16', '2018-10-04 10:03:16'),
(61, 68, '986083703', '', '2018-10-04 10:06:52', '2018-10-04 10:06:52'),
(62, 69, '', '', '2018-10-04 10:11:01', '2018-10-04 10:11:01'),
(63, 70, '', '', '2018-10-05 09:55:46', '2018-10-05 09:55:46'),
(64, 71, '9849935503', '', '2018-10-05 09:59:33', '2018-10-05 09:59:33'),
(65, 74, '', '', '2018-10-05 10:05:51', '2018-10-05 10:05:51'),
(66, 75, '', '', '2018-10-05 10:14:07', '2018-10-05 10:14:07'),
(67, 76, '', '', '2018-10-09 09:12:24', '2018-10-09 09:12:24'),
(68, 77, '9851139992', '', '2018-10-09 09:23:37', '2018-10-09 09:23:37'),
(69, 78, '', '', '2018-10-09 09:44:13', '2018-10-09 09:44:13'),
(70, 79, '', '', '2018-10-09 10:07:15', '2018-10-09 10:07:15'),
(71, 80, '', '', '2018-10-09 10:09:37', '2018-10-09 10:09:37'),
(72, 81, '', '', '2018-10-09 10:12:52', '2018-10-09 10:12:52'),
(73, 82, '', '', '2018-10-09 10:14:37', '2018-10-09 10:14:37'),
(74, 83, '9841510662', '', '2018-10-10 09:14:12', '2018-10-10 09:14:12'),
(75, 84, '', '', '2018-10-10 09:28:59', '2018-10-10 09:28:59'),
(76, 85, '', '', '2018-10-10 09:32:10', '2018-10-10 09:32:10'),
(77, 86, '', '', '2018-10-10 09:34:39', '2018-10-10 09:34:39'),
(78, 87, '', '', '2018-10-11 09:27:59', '2018-10-11 09:27:59'),
(79, 90, '', '', '2018-10-11 09:35:33', '2018-10-11 09:35:33'),
(80, 91, '', '', '2018-10-11 09:35:35', '2018-10-11 09:35:35'),
(81, 92, '', '', '2018-10-11 09:39:48', '2018-10-11 09:39:48'),
(82, 93, '', '', '2018-10-11 09:42:55', '2018-10-11 09:42:55'),
(83, 94, '', '', '2018-10-11 09:44:48', '2018-10-11 09:44:48'),
(84, 95, '', '', '2018-10-12 07:49:27', '2018-10-12 07:49:27'),
(85, 96, '', '', '2018-10-12 07:51:33', '2018-10-12 07:51:33'),
(86, 97, '9851002579', 'info@worldfavtours.com', '2018-11-18 10:37:30', '2018-11-18 10:37:30'),
(87, 98, '', '', '2018-11-18 10:40:44', '2018-11-18 10:40:44'),
(88, 99, '', '', '2018-11-18 10:49:03', '2018-11-18 10:49:03'),
(89, 100, '', '', '2018-11-19 05:10:25', '2018-11-19 05:10:25'),
(90, 101, '', '', '2018-11-21 04:32:18', '2018-11-21 04:32:18'),
(91, 102, '', '', '2018-11-21 04:34:13', '2018-11-21 04:34:13'),
(92, 103, '', '', '2018-11-21 04:36:46', '2018-11-21 04:36:46'),
(93, 104, '', '', '2018-11-22 04:15:34', '2018-11-22 04:15:34'),
(94, 105, '9840260688', '', '2018-11-22 04:18:55', '2018-11-22 04:18:55'),
(95, 106, '986364909/9842622089', '', '2018-11-22 04:28:18', '2018-11-22 04:28:18'),
(96, 107, '', '', '2018-11-22 04:46:32', '2018-11-22 04:46:32'),
(97, 108, '', '', '2018-11-22 04:49:14', '2018-11-22 04:49:14'),
(98, 109, '', '', '2018-11-25 04:50:50', '2018-11-25 04:50:50'),
(99, 110, '9841356938', '', '2018-11-25 04:53:40', '2018-11-25 04:53:40'),
(100, 111, '984171870', '', '2018-11-25 05:02:24', '2018-11-25 05:02:24'),
(101, 112, '9808444409/9851149961', '', '2018-11-25 05:04:58', '2018-11-25 05:04:58'),
(103, 114, '9842515454', 'shyamlaldangol@gmail.com', '2019-01-27 02:48:06', '2019-01-27 02:48:06'),
(104, 115, '9842547854', 'hari@gmail.com', '2019-01-27 23:55:49', '2019-01-27 23:55:49'),
(105, 116, '9845879546', 'shyam@gmail.com', '2019-01-28 00:02:51', '2019-01-28 00:02:51'),
(106, 117, '9845789878', 'krishna@gmail.com', '2019-01-28 00:21:35', '2019-01-28 00:21:35'),
(111, 122, '9851147431', 'nameen01704@gmail.com', '2019-02-13 05:22:10', '2019-02-13 05:22:10'),
(112, 122, '', 'nameen0175@gmail.com', '2019-02-13 05:22:10', '2019-02-13 05:22:10'),
(113, 123, '9851147431', 'nameen01704@gmail.com', '2019-02-13 05:22:20', '2019-02-13 05:22:20'),
(114, 123, '', 'nameen0175@gmail.com', '2019-02-13 05:22:20', '2019-02-13 05:22:20'),
(115, 124, '9851147431', 'nameen01704@gmail.com', '2019-02-13 05:29:58', '2019-02-13 05:29:58'),
(116, 124, '', 'nameen01705@gmail.com', '2019-02-13 05:29:58', '2019-02-13 05:29:58'),
(117, 125, '9851147431', 'nameen01704@gmail.com', '2019-02-13 05:36:04', '2019-02-13 05:36:04'),
(118, 125, '', 'nameen01705@gmail.com', '2019-02-13 05:36:04', '2019-02-13 05:36:04'),
(119, 126, '9851147431', 'namudan201204@gmail.com', '2019-02-13 05:38:00', '2019-02-13 05:38:00'),
(120, 126, '', 'namudan201205@gmail.com', '2019-02-13 05:38:00', '2019-02-13 05:38:00'),
(121, 127, '9851147431', 'nameen01703@gmail.com', '2019-02-13 22:25:09', '2019-02-13 22:25:09'),
(122, 128, '9851147431', 'nameen01704@gmail.com', '2019-02-13 22:26:47', '2019-02-13 22:26:47'),
(123, 128, '', 'nameen01705@gmail.com', '2019-02-13 22:26:48', '2019-02-13 22:26:48'),
(124, 129, '9843333333', '9851147431a@gmail.com', '2019-02-13 23:53:49', '2019-02-13 23:53:49'),
(125, 129, '9844444444', '', '2019-02-13 23:53:49', '2019-02-13 23:53:49'),
(126, 131, '9851147431', '9851147431a@gmail.com', '2019-02-28 05:37:29', '2019-02-28 05:37:29'),
(127, 132, '9851147431', '9851147431a@gmail.com', '2019-02-28 05:40:00', '2019-02-28 05:40:00'),
(128, 135, '9851147431', '9851147431a@gmail.com', '2019-02-28 18:27:23', '2019-02-28 18:27:23'),
(131, 137, '9851147431', '9851147431a@gmail.com', '2019-02-28 08:03:37', '2019-02-28 08:03:37'),
(132, 138, '9851147431', '9851147431a@gmail.com', '2019-02-28 08:17:21', '2019-02-28 08:17:21'),
(133, 139, '9851147431', '9851147431a@gmail.com', '2019-02-28 09:17:44', '2019-02-28 09:17:44'),
(135, 141, '9851147431', '9851147431a@gmail.com', '2019-02-28 10:11:34', '2019-02-28 10:11:34'),
(153, 142, '9843333333', 'nameen01704@gmail.com', '2019-02-28 11:39:48', '2019-02-28 11:39:48'),
(154, 142, '', 'nameen01705@gmail.com', '2019-02-28 11:39:48', '2019-02-28 11:39:48'),
(155, 143, '9851147431', '9851147431a@gmail.com', '2019-03-05 05:17:41', '2019-03-05 05:17:41'),
(156, 144, '9851147431', '9851147431a@gmail.com', '2019-03-05 05:17:52', '2019-03-05 05:17:52'),
(157, 120, '9851147431', 'nameen01704@gmail.com', '2019-03-06 05:02:07', '2019-03-06 05:02:07'),
(158, 120, '', 'nameen0175@gmail.com', '2019-03-06 05:02:07', '2019-03-06 05:02:07'),
(159, 121, '9851147431', 'nameen01704@gmail.com', '2019-03-06 05:02:26', '2019-03-06 05:02:26'),
(160, 121, '', 'nameen0175@gmail.com', '2019-03-06 05:02:27', '2019-03-06 05:02:27'),
(161, 145, '9851147431', '9851147431a@gmail.com', '2019-03-27 06:24:37', '2019-03-27 06:24:37'),
(162, 146, '9851147431', '9851147431a@gmail.com', '2019-03-27 06:25:39', '2019-03-27 06:25:39'),
(163, 147, '9842222222', 'hari2@gmail.com', '2019-03-27 06:41:51', '2019-03-27 06:41:51'),
(164, 148, '9851147431', 'nameen017@gmail.com', '2019-03-31 06:09:28', '2019-03-31 06:09:28'),
(165, 149, '9851147431', 'nameen017@gmail.com', '2019-03-31 06:10:40', '2019-03-31 06:10:40'),
(166, 152, '9851147431', 'nameen017@gmail.com', '2019-03-31 06:16:30', '2019-03-31 06:16:30'),
(167, 154, '9851147431', 'nameen017@gmail.com', '2019-03-31 06:24:25', '2019-03-31 06:24:25'),
(168, 158, '9841111111', 'nameen017@gmail.com', '2019-03-31 06:41:54', '2019-03-31 06:41:54'),
(169, 160, '9841111111', '9851147431a@gmail.com', '2019-03-31 06:45:19', '2019-03-31 06:45:19'),
(170, 161, '9851147431', '9841111111', '2019-03-31 06:46:27', '2019-03-31 06:46:27'),
(171, 162, '9842222222', 'namudan2012@gmail.com', '2019-03-31 08:07:03', '2019-03-31 08:07:03'),
(172, 163, '9841444444', 'namudan2012@gmail.com', '2019-03-31 08:10:27', '2019-03-31 08:10:27'),
(173, 164, '9841111111', 'namudan2012@gmail.com', '2019-03-31 08:17:47', '2019-03-31 08:17:47'),
(177, 165, '9851147431', '9851147431a@gmail.com', '2019-05-14 06:16:41', '2019-05-14 06:16:41'),
(196, 167, '9851147431', '9851147431a@gmail.com', '2019-06-06 04:40:12', '2019-06-06 04:40:12'),
(197, 167, '9843029753', 'nameen017@gmail.com', '2019-06-06 04:40:12', '2019-06-06 04:40:12'),
(198, 167, '9810227191', 'n@gmail.com', '2019-06-06 04:40:12', '2019-06-06 04:40:12'),
(199, 167, '9845555555', '', '2019-06-06 04:40:12', '2019-06-06 04:40:12'),
(200, 168, '9841111111', '9851147431a@gmail.com', '2019-06-06 05:31:10', '2019-06-06 05:31:10'),
(201, 168, '9841222222', '', '2019-06-06 05:31:10', '2019-06-06 05:31:10'),
(202, 168, '9841333333', '', '2019-06-06 05:31:11', '2019-06-06 05:31:11'),
(205, 171, '9851147431', '9851147431a@gmail.com', '2019-06-10 05:08:44', '2019-06-10 05:08:44'),
(207, 172, '9851147431', '9851147431a@gmail.com', '2019-06-23 10:38:47', '2019-06-23 10:38:47'),
(208, 176, '9851147431', '9851147431a@gmail.com', '2019-06-30 04:20:07', '2019-06-30 04:20:07'),
(209, 175, '9851147431', '9851147431a@gmail.com', '2019-06-30 04:20:07', '2019-06-30 04:20:07'),
(210, 177, '9851147431', '9851147431a@gmail.com', '2019-06-30 04:46:50', '2019-06-30 04:46:50'),
(211, 180, '9851147431', '9851147431a@gmail.com', '2019-06-30 04:54:53', '2019-06-30 04:54:53'),
(212, 181, '9851147431', '9851147431a@gmail.com', '2019-06-30 04:55:19', '2019-06-30 04:55:19'),
(216, 184, '9851147431', '9851147431a@gmail.com', '2019-06-30 05:49:50', '2019-06-30 05:49:50'),
(217, 183, '9851147431', '9851147431a@gmail.com', '2019-06-30 05:49:59', '2019-06-30 05:49:59'),
(221, 185, '9851147431', '9851147431a@gmail.com', '2019-06-30 05:51:21', '2019-06-30 05:51:21'),
(231, 182, '9851147431', '9851147431a@gmail.com', '2019-06-30 06:06:33', '2019-06-30 06:06:33'),
(237, 186, '9851147431', '9851147431a@gmail.com', '2019-06-30 06:28:30', '2019-06-30 06:28:30'),
(238, 166, '9851147431', '9851147431a@gmail.com', '2019-06-30 06:46:34', '2019-06-30 06:46:34'),
(248, 113, '9843444444', 'ramlaldangol@gmail.com', '2019-07-15 06:58:12', '2019-07-15 06:58:12'),
(255, 187, '9843333333', 'nameen@gmail.com', '2019-07-15 07:36:22', '2019-07-15 07:36:22'),
(256, 187, '9844444444', '', '2019-07-15 07:36:22', '2019-07-15 07:36:22'),
(257, 187, '9845555555', '', '2019-07-15 07:36:22', '2019-07-15 07:36:22');

-- --------------------------------------------------------

--
-- Table structure for table `invoices`
--

CREATE TABLE `invoices` (
  `id` bigint(20) UNSIGNED NOT NULL,
  `company_id` bigint(20) NOT NULL,
  `bill_no` bigint(20) NOT NULL,
  `date` date NOT NULL,
  `previous_due_amount` double(15,2) NOT NULL,
  `total_due_amount` double(15,2) NOT NULL,
  `created_at` timestamp NULL DEFAULT NULL,
  `updated_at` timestamp NULL DEFAULT NULL
) ENGINE=InnoDB DEFAULT CHARSET=utf8mb4 COLLATE=utf8mb4_unicode_ci;

--
-- Dumping data for table `invoices`
--

INSERT INTO `invoices` (`id`, `company_id`, `bill_no`, `date`, `previous_due_amount`, `total_due_amount`, `created_at`, `updated_at`) VALUES
(1, 116, 1, '2019-06-12', 5000.00, 22100.00, '2019-06-12 05:46:39', '2019-06-12 05:46:39'),
(2, 116, 2, '2019-06-12', 5000.00, 122400.00, '2019-06-12 07:35:26', '2019-06-12 07:35:26'),
(3, 116, 3, '2019-06-12', 5000.00, 122400.00, '2019-06-12 07:38:38', '2019-06-12 07:38:38'),
(4, 117, 4, '2019-06-12', 0.00, 5000.00, '2019-06-12 08:40:41', '2019-06-12 08:40:42'),
(5, 117, 5, '2019-06-12', 0.00, 3000.00, '2019-06-12 10:39:58', '2019-06-12 10:39:58'),
(6, 117, 6, '2019-06-12', 0.00, 3000.00, '2019-06-12 10:42:16', '2019-06-12 10:42:16'),
(7, 117, 7, '2019-06-12', 0.00, 3000.00, '2019-06-12 10:51:03', '2019-06-12 10:51:04'),
(8, 117, 8, '2019-06-12', 0.00, 3000.00, '2019-06-12 10:53:41', '2019-06-12 10:53:41'),
(9, 117, 9, '2019-06-12', 0.00, 3000.00, '2019-06-12 10:54:42', '2019-06-12 10:54:42'),
(10, 117, 10, '2019-06-12', 0.00, 3000.00, '2019-06-12 10:57:53', '2019-06-12 10:57:53'),
(11, 117, 11, '2019-06-17', 0.00, 3000.00, '2019-06-17 09:40:04', '2019-06-17 09:40:04'),
(12, 117, 12, '2019-06-18', 0.00, 400.00, '2019-06-18 06:05:45', '2019-06-18 06:05:45'),
(13, 117, 13, '2019-06-18', 0.00, 400.00, '2019-06-18 06:06:08', '2019-06-18 06:06:08'),
(14, 117, 14, '2019-06-18', 0.00, 400.04, '2019-06-18 06:10:36', '2019-06-18 06:10:36'),
(15, 117, 15, '2019-07-12', 10300.04, 10300.04, '2019-07-12 05:32:04', '2019-07-12 05:32:04'),
(16, 117, 16, '2019-09-24', 10300.04, 10300.04, '2019-09-24 04:03:40', '2019-09-24 04:03:40'),
(17, 117, 17, '2019-09-24', 10300.04, 10300.04, '2019-09-24 04:09:14', '2019-09-24 04:09:14');

-- --------------------------------------------------------

--
-- Table structure for table `invoice_items`
--

CREATE TABLE `invoice_items` (
  `id` bigint(20) UNSIGNED NOT NULL,
  `invoice_id` bigint(20) UNSIGNED NOT NULL,
  `group_id` bigint(20) UNSIGNED NOT NULL,
  `service_id` int(11) NOT NULL,
  `information` varchar(191) COLLATE utf8mb4_unicode_ci DEFAULT NULL,
  `total_price` double(15,2) NOT NULL,
  `created_at` timestamp NULL DEFAULT NULL,
  `updated_at` timestamp NULL DEFAULT NULL
) ENGINE=InnoDB DEFAULT CHARSET=utf8mb4 COLLATE=utf8mb4_unicode_ci;

--
-- Dumping data for table `invoice_items`
--

INSERT INTO `invoice_items` (`id`, `invoice_id`, `group_id`, `service_id`, `information`, `total_price`, `created_at`, `updated_at`) VALUES
(1, 1, 1, 2, 'silver-package', 3000.00, '2019-06-12 05:46:40', '2019-06-12 05:46:40'),
(2, 1, 2, 2, 'gold-package', 5000.00, '2019-06-12 05:46:40', '2019-06-12 05:46:40'),
(3, 1, 2, 3, 'particular 1', 100.00, '2019-06-12 05:46:40', '2019-06-12 05:46:40'),
(4, 1, 2, 3, 'particular 2', 3000.00, '2019-06-12 05:46:40', '2019-06-12 05:46:40'),
(5, 1, 3, 10, 'system', 10000.00, '2019-06-12 05:46:40', '2019-06-12 05:46:40'),
(6, 1, 3, 13, 'content writing', 20000.00, '2019-06-12 05:46:40', '2019-06-12 05:46:40'),
(7, 1, 4, 3, 'particular 1', 1000.00, '2019-06-12 05:46:40', '2019-06-12 05:46:40'),
(8, 1, 4, 3, 'particular 2', 2000.00, '2019-06-12 05:46:40', '2019-06-12 05:46:40'),
(9, 2, 5, 2, 'silver-package', 3000.00, '2019-06-12 07:35:26', '2019-06-12 07:35:26'),
(10, 2, 6, 2, 'gold-package', 5000.00, '2019-06-12 07:35:26', '2019-06-12 07:35:26'),
(11, 2, 6, 3, 'particular 1', 100.00, '2019-06-12 07:35:26', '2019-06-12 07:35:26'),
(12, 2, 6, 3, 'particular 2', 3000.00, '2019-06-12 07:35:26', '2019-06-12 07:35:26'),
(13, 2, 7, 10, 'system', 10000.00, '2019-06-12 07:35:26', '2019-06-12 07:35:26'),
(14, 2, 7, 13, 'content writing', 20000.00, '2019-06-12 07:35:26', '2019-06-12 07:35:26'),
(15, 2, 8, 3, 'particular 1', 1000.00, '2019-06-12 07:35:27', '2019-06-12 07:35:27'),
(16, 2, 8, 3, 'particular 2', 2000.00, '2019-06-12 07:35:27', '2019-06-12 07:35:27'),
(17, 2, 8, 1, 'graphics', 10000.00, '2019-06-12 07:35:27', '2019-06-12 07:35:27'),
(18, 2, 8, 12, 'www.ultrabyteit.com', 20000.00, '2019-06-12 07:35:27', '2019-06-12 07:35:27'),
(19, 2, 8, 10, 'system', 10000.00, '2019-06-12 07:35:27', '2019-06-12 07:35:27'),
(20, 2, 8, 13, 'animation', 300.00, '2019-06-12 07:35:27', '2019-06-12 07:35:27'),
(21, 2, 8, 7, 'animation', 1000.00, '2019-06-12 07:35:27', '2019-06-12 07:35:27'),
(22, 2, 8, 7, 'animation', 20000.00, '2019-06-12 07:35:27', '2019-06-12 07:35:27'),
(23, 2, 8, 7, 'graphics', 10000.00, '2019-06-12 07:35:27', '2019-06-12 07:35:27'),
(24, 2, 8, 7, 'graphics', 10000.00, '2019-06-12 07:35:27', '2019-06-12 07:35:27'),
(25, 2, 8, 7, 'graphics', 10000.00, '2019-06-12 07:35:27', '2019-06-12 07:35:27'),
(26, 2, 8, 7, 'animation', 5000.00, '2019-06-12 07:35:27', '2019-06-12 07:35:27'),
(27, 2, 8, 7, 'animation', 4000.00, '2019-06-12 07:35:27', '2019-06-12 07:35:27'),
(28, 3, 9, 2, 'silver-package', 3000.00, '2019-06-12 07:38:38', '2019-06-12 07:38:38'),
(29, 3, 10, 2, 'gold-package', 5000.00, '2019-06-12 07:38:38', '2019-06-12 07:38:38'),
(30, 3, 10, 3, 'particular 1', 100.00, '2019-06-12 07:38:38', '2019-06-12 07:38:38'),
(31, 3, 10, 3, 'particular 2', 3000.00, '2019-06-12 07:38:38', '2019-06-12 07:38:38'),
(32, 3, 11, 10, 'system', 10000.00, '2019-06-12 07:38:38', '2019-06-12 07:38:38'),
(33, 3, 11, 13, 'content writing', 20000.00, '2019-06-12 07:38:38', '2019-06-12 07:38:38'),
(34, 3, 12, 3, 'particular 1', 1000.00, '2019-06-12 07:38:38', '2019-06-12 07:38:38'),
(35, 3, 12, 3, 'particular 2', 2000.00, '2019-06-12 07:38:38', '2019-06-12 07:38:38'),
(36, 3, 12, 1, 'graphics', 10000.00, '2019-06-12 07:38:38', '2019-06-12 07:38:38'),
(37, 3, 12, 12, 'www.ultrabyteit.com', 20000.00, '2019-06-12 07:38:38', '2019-06-12 07:38:38'),
(38, 3, 12, 10, 'system', 10000.00, '2019-06-12 07:38:38', '2019-06-12 07:38:38'),
(39, 3, 12, 13, 'animation', 300.00, '2019-06-12 07:38:38', '2019-06-12 07:38:38'),
(40, 3, 12, 7, 'animation', 1000.00, '2019-06-12 07:38:38', '2019-06-12 07:38:38'),
(41, 3, 12, 7, 'animation', 20000.00, '2019-06-12 07:38:38', '2019-06-12 07:38:38'),
(42, 3, 12, 7, 'graphics', 10000.00, '2019-06-12 07:38:38', '2019-06-12 07:38:38'),
(43, 3, 12, 7, 'graphics', 10000.00, '2019-06-12 07:38:38', '2019-06-12 07:38:38'),
(44, 3, 12, 7, 'graphics', 10000.00, '2019-06-12 07:38:39', '2019-06-12 07:38:39'),
(45, 3, 12, 7, 'animation', 5000.00, '2019-06-12 07:38:39', '2019-06-12 07:38:39'),
(46, 3, 12, 7, 'animation', 4000.00, '2019-06-12 07:38:39', '2019-06-12 07:38:39'),
(47, 4, 13, 2, 'gold-package', 5000.00, '2019-06-12 08:40:42', '2019-06-12 08:40:42'),
(48, 4, 13, 10, 'system', 20000.00, '2019-06-12 08:40:42', '2019-06-12 08:40:42'),
(49, 4, 13, 14, 'animation', 20000.00, '2019-06-12 08:40:42', '2019-06-12 08:40:42'),
(50, 5, 14, 2, 'gold-package', 5000.00, '2019-06-12 10:39:58', '2019-06-12 10:39:58'),
(51, 5, 14, 10, 'system', 10000.00, '2019-06-12 10:39:58', '2019-06-12 10:39:58'),
(52, 5, 14, 13, 'content', 1000.00, '2019-06-12 10:39:58', '2019-06-12 10:39:58'),
(53, 5, 15, 3, 'particulars 1', 1000.00, '2019-06-12 10:39:58', '2019-06-12 10:39:58'),
(54, 5, 15, 3, 'particulars 2', 2000.00, '2019-06-12 10:39:58', '2019-06-12 10:39:58'),
(55, 5, 15, 3, 'particular 3', 3000.00, '2019-06-12 10:39:58', '2019-06-12 10:39:58'),
(56, 5, 15, 1, 'website information', 20000.00, '2019-06-12 10:39:59', '2019-06-12 10:39:59'),
(57, 5, 15, 11, 'printing content', 1000.00, '2019-06-12 10:39:59', '2019-06-12 10:39:59'),
(58, 6, 16, 2, 'gold-package', 5000.00, '2019-06-12 10:42:16', '2019-06-12 10:42:16'),
(59, 6, 16, 10, 'system', 10000.00, '2019-06-12 10:42:16', '2019-06-12 10:42:16'),
(60, 6, 16, 13, 'content', 1000.00, '2019-06-12 10:42:16', '2019-06-12 10:42:16'),
(61, 6, 17, 3, 'particulars 1', 1000.00, '2019-06-12 10:42:16', '2019-06-12 10:42:16'),
(62, 6, 17, 3, 'particulars 2', 2000.00, '2019-06-12 10:42:16', '2019-06-12 10:42:16'),
(63, 6, 17, 3, 'particular 3', 3000.00, '2019-06-12 10:42:17', '2019-06-12 10:42:17'),
(64, 6, 17, 1, 'website information', 20000.00, '2019-06-12 10:42:17', '2019-06-12 10:42:17'),
(65, 6, 17, 11, 'printing content', 1000.00, '2019-06-12 10:42:17', '2019-06-12 10:42:17'),
(66, 7, 18, 2, 'gold-package', 5000.00, '2019-06-12 10:51:04', '2019-06-12 10:51:04'),
(67, 7, 18, 10, 'system', 10000.00, '2019-06-12 10:51:04', '2019-06-12 10:51:04'),
(68, 7, 18, 13, 'content', 1000.00, '2019-06-12 10:51:04', '2019-06-12 10:51:04'),
(69, 7, 19, 3, 'particulars 1', 1000.00, '2019-06-12 10:51:04', '2019-06-12 10:51:04'),
(70, 7, 19, 3, 'particulars 2', 2000.00, '2019-06-12 10:51:04', '2019-06-12 10:51:04'),
(71, 7, 19, 3, 'particular 3', 3000.00, '2019-06-12 10:51:04', '2019-06-12 10:51:04'),
(72, 7, 19, 1, 'website information', 20000.00, '2019-06-12 10:51:04', '2019-06-12 10:51:04'),
(73, 7, 19, 11, 'printing content', 1000.00, '2019-06-12 10:51:04', '2019-06-12 10:51:04'),
(74, 8, 20, 2, 'gold-package', 5000.00, '2019-06-12 10:53:41', '2019-06-12 10:53:41'),
(75, 8, 20, 10, 'system', 10000.00, '2019-06-12 10:53:41', '2019-06-12 10:53:41'),
(76, 8, 20, 13, 'content', 1000.00, '2019-06-12 10:53:41', '2019-06-12 10:53:41'),
(77, 8, 21, 3, 'particulars 1', 1000.00, '2019-06-12 10:53:41', '2019-06-12 10:53:41'),
(78, 8, 21, 3, 'particulars 2', 2000.00, '2019-06-12 10:53:41', '2019-06-12 10:53:41'),
(79, 8, 21, 3, 'particular 3', 3000.00, '2019-06-12 10:53:41', '2019-06-12 10:53:41'),
(80, 8, 21, 1, 'website information', 20000.00, '2019-06-12 10:53:41', '2019-06-12 10:53:41'),
(81, 8, 21, 11, 'printing content', 1000.00, '2019-06-12 10:53:42', '2019-06-12 10:53:42'),
(82, 9, 22, 2, 'gold-package', 5000.00, '2019-06-12 10:54:42', '2019-06-12 10:54:42'),
(83, 9, 22, 10, 'system', 10000.00, '2019-06-12 10:54:42', '2019-06-12 10:54:42'),
(84, 9, 22, 13, 'content', 1000.00, '2019-06-12 10:54:42', '2019-06-12 10:54:42'),
(85, 9, 23, 3, 'particulars 1', 1000.00, '2019-06-12 10:54:42', '2019-06-12 10:54:42'),
(86, 9, 23, 3, 'particulars 2', 2000.00, '2019-06-12 10:54:42', '2019-06-12 10:54:42'),
(87, 9, 23, 3, 'particular 3', 3000.00, '2019-06-12 10:54:42', '2019-06-12 10:54:42'),
(88, 9, 23, 1, 'website information', 20000.00, '2019-06-12 10:54:42', '2019-06-12 10:54:42'),
(89, 9, 23, 11, 'printing content', 1000.00, '2019-06-12 10:54:42', '2019-06-12 10:54:42'),
(90, 10, 24, 2, 'gold-package', 5000.00, '2019-06-12 10:57:53', '2019-06-12 10:57:53'),
(91, 10, 24, 10, 'system', 10000.00, '2019-06-12 10:57:53', '2019-06-12 10:57:53'),
(92, 10, 24, 13, 'content', 1000.00, '2019-06-12 10:57:53', '2019-06-12 10:57:53'),
(93, 10, 25, 3, 'particulars 1', 1000.00, '2019-06-12 10:57:53', '2019-06-12 10:57:53'),
(94, 10, 25, 3, 'particulars 2', 2000.00, '2019-06-12 10:57:53', '2019-06-12 10:57:53'),
(95, 10, 25, 3, 'particular 3', 3000.00, '2019-06-12 10:57:53', '2019-06-12 10:57:53'),
(96, 10, 25, 1, 'website information', 20000.00, '2019-06-12 10:57:53', '2019-06-12 10:57:53'),
(97, 10, 25, 11, 'printing content', 1000.00, '2019-06-12 10:57:53', '2019-06-12 10:57:53'),
(98, 11, 26, 2, 'gold-package', 5000.00, '2019-06-17 09:40:04', '2019-06-17 09:40:04'),
(99, 11, 26, 10, 'system', 10000.00, '2019-06-17 09:40:04', '2019-06-17 09:40:04'),
(100, 11, 26, 13, 'content', 1000.00, '2019-06-17 09:40:05', '2019-06-17 09:40:05'),
(101, 11, 27, 3, 'particulars 1', 1000.00, '2019-06-17 09:40:05', '2019-06-17 09:40:05'),
(102, 11, 27, 3, 'particulars 2', 2000.00, '2019-06-17 09:40:05', '2019-06-17 09:40:05'),
(103, 11, 27, 3, 'particular 3', 3000.00, '2019-06-17 09:40:05', '2019-06-17 09:40:05'),
(104, 11, 27, 1, 'website information', 20000.00, '2019-06-17 09:40:05', '2019-06-17 09:40:05'),
(105, 11, 27, 11, 'printing content', 1000.00, '2019-06-17 09:40:05', '2019-06-17 09:40:05'),
(106, 12, 28, 2, 'gold-package', 5000.00, '2019-06-18 06:05:45', '2019-06-18 06:05:45'),
(107, 12, 28, 13, 'www.ubmis.ultrabyteit.com', 1001.00, '2019-06-18 06:05:45', '2019-06-18 06:05:45'),
(108, 13, 29, 2, 'gold-package', 5000.00, '2019-06-18 06:06:08', '2019-06-18 06:06:08'),
(109, 13, 29, 13, 'www.ubmis.ultrabyteit.com', 1001.00, '2019-06-18 06:06:08', '2019-06-18 06:06:08'),
(110, 14, 30, 2, 'gold-package', 5000.00, '2019-06-18 06:10:36', '2019-06-18 06:10:36'),
(111, 14, 30, 13, 'www.ubmis.ultrabyteit.com', 1000.62, '2019-06-18 06:10:36', '2019-06-18 06:10:36');

-- --------------------------------------------------------

--
-- Table structure for table `invoice_item_amounts`
--

CREATE TABLE `invoice_item_amounts` (
  `id` bigint(20) UNSIGNED NOT NULL,
  `invoice_item_id` bigint(20) UNSIGNED NOT NULL,
  `invoice_item_group_id` bigint(20) UNSIGNED NOT NULL,
  `total_paid_amount` double(15,2) NOT NULL,
  `created_at` timestamp NULL DEFAULT NULL,
  `updated_at` timestamp NULL DEFAULT NULL
) ENGINE=InnoDB DEFAULT CHARSET=utf8mb4 COLLATE=utf8mb4_unicode_ci;

--
-- Dumping data for table `invoice_item_amounts`
--

INSERT INTO `invoice_item_amounts` (`id`, `invoice_item_id`, `invoice_item_group_id`, `total_paid_amount`, `created_at`, `updated_at`) VALUES
(1, 1, 1, 1000.00, '2019-06-12 05:46:40', '2019-06-12 05:46:40'),
(2, 4, 2, 4000.00, '2019-06-12 05:46:40', '2019-06-12 05:46:40'),
(3, 6, 3, 20000.00, '2019-06-12 05:46:40', '2019-06-12 05:46:40'),
(4, 8, 4, 2000.00, '2019-06-12 05:46:40', '2019-06-12 05:46:40'),
(5, 9, 5, 1000.00, '2019-06-12 07:35:26', '2019-06-12 07:35:26'),
(6, 12, 6, 4000.00, '2019-06-12 07:35:26', '2019-06-12 07:35:26'),
(7, 14, 7, 20000.00, '2019-06-12 07:35:26', '2019-06-12 07:35:26'),
(8, 27, 8, 2000.00, '2019-06-12 07:35:27', '2019-06-12 07:35:27'),
(9, 28, 9, 1000.00, '2019-06-12 07:38:38', '2019-06-12 07:38:38'),
(10, 31, 10, 4000.00, '2019-06-12 07:38:38', '2019-06-12 07:38:38'),
(11, 33, 11, 20000.00, '2019-06-12 07:38:38', '2019-06-12 07:38:38'),
(12, 46, 12, 2000.00, '2019-06-12 07:38:39', '2019-06-12 07:38:39'),
(13, 49, 13, 40000.00, '2019-06-12 08:40:42', '2019-06-12 08:40:42'),
(14, 52, 14, 15000.00, '2019-06-12 10:39:58', '2019-06-12 10:39:58'),
(15, 57, 15, 25000.00, '2019-06-12 10:39:59', '2019-06-12 10:39:59'),
(16, 60, 16, 15000.00, '2019-06-12 10:42:16', '2019-06-12 10:42:16'),
(17, 65, 17, 25000.00, '2019-06-12 10:42:17', '2019-06-12 10:42:17'),
(18, 68, 18, 15000.00, '2019-06-12 10:51:04', '2019-06-12 10:51:04'),
(19, 73, 19, 25000.00, '2019-06-12 10:51:04', '2019-06-12 10:51:04'),
(20, 76, 20, 15000.00, '2019-06-12 10:53:41', '2019-06-12 10:53:41'),
(21, 81, 21, 25000.00, '2019-06-12 10:53:42', '2019-06-12 10:53:42'),
(22, 84, 22, 15000.00, '2019-06-12 10:54:42', '2019-06-12 10:54:42'),
(23, 89, 23, 25000.00, '2019-06-12 10:54:42', '2019-06-12 10:54:42'),
(24, 92, 24, 15000.00, '2019-06-12 10:57:53', '2019-06-12 10:57:53'),
(25, 97, 25, 25000.00, '2019-06-12 10:57:53', '2019-06-12 10:57:53'),
(26, 100, 26, 15000.00, '2019-06-17 09:40:05', '2019-06-17 09:40:05'),
(27, 105, 27, 25000.00, '2019-06-17 09:40:05', '2019-06-17 09:40:05'),
(28, 107, 28, 5601.00, '2019-06-18 06:05:45', '2019-06-18 06:05:45'),
(29, 109, 29, 5601.00, '2019-06-18 06:06:08', '2019-06-18 06:06:08'),
(30, 111, 30, 5600.58, '2019-06-18 06:10:37', '2019-06-18 06:10:37');

-- --------------------------------------------------------

--
-- Table structure for table `migrations`
--

CREATE TABLE `migrations` (
  `id` int(10) UNSIGNED NOT NULL,
  `migration` varchar(191) COLLATE utf8mb4_unicode_ci NOT NULL,
  `batch` int(11) NOT NULL
) ENGINE=MyISAM DEFAULT CHARSET=utf8mb4 COLLATE=utf8mb4_unicode_ci;

--
-- Dumping data for table `migrations`
--

INSERT INTO `migrations` (`id`, `migration`, `batch`) VALUES
(91, '2014_10_12_000000_create_users_table', 5),
(92, '2014_10_12_100000_create_password_resets_table', 5),
(94, '2018_09_07_060244_entrust_setup_tables', 5),
(95, '2018_09_09_000002_create_targets_table', 5),
(96, '2018_09_09_000003_create_visit_categories_table', 5),
(97, '2018_09_09_000004_create_field_visits_table', 5),
(98, '2018_09_10_000004_create_field_visitors_table', 5),
(17, '2018_09_11_000005_create_field_visits_category_table', 4),
(99, '2018_09_10_000005_create_field_visit_contacts_table', 5),
(100, '2018_09_11_000006_create_user_targets_table', 5),
(101, '2018_09_11_000007_create_user_sales_table', 5),
(102, '2018_09_12_000000_create_sales_categories_table', 5),
(103, '2018_09_12_000010_create_sales_table', 5),
(155, '2019_02_04_110032_create_requested_sales_installment_payments_table', 18),
(106, '2019_01_29_111101_create_request_logs_table', 6),
(154, '2019_02_04_105925_create_requested_sales_transaction_items_table', 18),
(149, '2019_01_31_090421_create_sales_installment_payment_table', 16),
(126, '2019_01_31_090048_create_sales_transactions_items_table', 7),
(152, '2019_02_09_044909_create_purchase_installment_payments_table', 17),
(124, '2019_01_29_105708_create_sales_transactions_table', 7),
(153, '2019_02_04_105708_create_requested_sales_transactions_table', 18),
(151, '2019_02_09_044554_create_purchase_transaction_items_table', 17),
(150, '2019_01_29_105748_create_purchase_transactions_table', 17),
(136, '2014_10_14_000001_create_companies_table', 9),
(137, '2019_02_09_045040_create_shops_table', 9),
(142, '2019_02_11_092222_create_contact_numbers_table', 11),
(141, '2019_02_13_061706_create_emails_table', 10),
(143, '2019_02_21_060458_create_employee_details_table', 12),
(145, '2019_02_26_135427_create_sales_transactions_item_fbs_table', 13),
(157, '2019_02_27_152500_create_requested_s_t_item_fbs_table', 19),
(148, '2019_02_28_100618_create_payment_methods_table', 15),
(158, '2019_05_31_105143_create_seo_packages_table', 20),
(159, '2019_05_31_142408_create_amc_packages_table', 21),
(162, '2019_06_03_171924_create_timely_notifications_table', 22),
(169, '2019_06_11_101309_create_invoices_table', 23),
(170, '2019_06_11_101336_create_invoice_items_table', 23),
(171, '2019_06_11_101354_create_invoice_item_amounts_table', 23),
(172, '2019_06_13_142832_create_project_referred_relationships_table', 24),
(173, '2019_06_17_072645_create_client_follow_ups_table', 25),
(175, '2019_06_19_171300_create_client_follow_up_by_admin_table', 26),
(176, '2020_01_31_123144_create_priorities_table', 27),
(177, '2020_01_31_123205_create_statuses_table', 27),
(178, '2020_01_31_123218_create_categories_table', 27),
(183, '2020_02_05_112503_create_ticket_comments_table', 28),
(182, '2020_02_03_123027_create_tickets_table', 28);

-- --------------------------------------------------------

--
-- Table structure for table `password_resets`
--

CREATE TABLE `password_resets` (
  `email` varchar(191) COLLATE utf8mb4_unicode_ci NOT NULL,
  `token` varchar(191) COLLATE utf8mb4_unicode_ci NOT NULL,
  `created_at` timestamp NULL DEFAULT NULL
) ENGINE=MyISAM DEFAULT CHARSET=utf8mb4 COLLATE=utf8mb4_unicode_ci;

--
-- Dumping data for table `password_resets`
--

INSERT INTO `password_resets` (`email`, `token`, `created_at`) VALUES
('info@ultrabyte.com', '$2y$10$f82T9OryIzFPIbyzYyQywusd9hENC7tt2JJT8d2dTY2XIvDB3AgWe', '2018-09-16 05:48:01'),
('dlip.chaudhary@gmail.com', '$2y$10$li4XOhEj9n2V47RVoOo.zuJOK05Sg.V37WFYRYYvQstcbag7tAhOG', '2018-09-16 05:55:12'),
('nameen017@gmail.com', '$2y$10$OKC6eo39zRjzxS6vhXOhhuWaIzmHpKP2bN8TysonvZL2D06Yn/pTO', '2019-03-07 05:22:26');

-- --------------------------------------------------------

--
-- Table structure for table `payment_methods`
--

CREATE TABLE `payment_methods` (
  `id` int(10) UNSIGNED NOT NULL,
  `name` varchar(191) COLLATE utf8mb4_unicode_ci NOT NULL,
  `description` varchar(191) COLLATE utf8mb4_unicode_ci NOT NULL,
  `created_at` timestamp NULL DEFAULT NULL,
  `updated_at` timestamp NULL DEFAULT NULL
) ENGINE=InnoDB DEFAULT CHARSET=utf8mb4 COLLATE=utf8mb4_unicode_ci;

--
-- Dumping data for table `payment_methods`
--

INSERT INTO `payment_methods` (`id`, `name`, `description`, `created_at`, `updated_at`) VALUES
(1, 'cash', 'Cash', '2019-03-27 11:13:46', '2019-03-27 11:13:46'),
(2, 'cheque', 'Cheque', '2019-03-27 11:13:54', '2019-03-27 11:13:54'),
(3, 'esewa', 'Esewa', '2019-03-27 11:14:06', '2019-03-27 11:14:06'),
(4, 'debitCard', 'Debit Card', '2019-03-28 06:39:20', '2019-03-28 06:39:20'),
(5, 'payPal', 'Pay Pal', '2019-04-01 04:19:43', '2019-04-01 04:19:43');

-- --------------------------------------------------------

--
-- Table structure for table `permissions`
--

CREATE TABLE `permissions` (
  `id` int(10) UNSIGNED NOT NULL,
  `name` varchar(191) COLLATE utf8mb4_unicode_ci NOT NULL,
  `display_name` varchar(191) COLLATE utf8mb4_unicode_ci DEFAULT NULL,
  `description` varchar(191) COLLATE utf8mb4_unicode_ci DEFAULT NULL,
  `created_at` timestamp NULL DEFAULT NULL,
  `updated_at` timestamp NULL DEFAULT NULL
) ENGINE=MyISAM DEFAULT CHARSET=utf8mb4 COLLATE=utf8mb4_unicode_ci;

--
-- Dumping data for table `permissions`
--

INSERT INTO `permissions` (`id`, `name`, `display_name`, `description`, `created_at`, `updated_at`) VALUES
(1, 'manage.dashboard', 'Manage Dashboard', 'User can manage dashboard', '2018-09-14 05:47:19', '2018-09-14 05:47:19'),
(2, 'only.view.dashboard', 'View Dashboard', 'User can only view dashboard', '2018-09-14 05:47:19', '2018-09-14 05:47:19'),
(3, 'manage.marketing.manager', 'Manage Marketing Manager', 'User can manage marketing manager details', '2018-09-14 05:47:19', '2018-09-14 05:47:19'),
(4, 'only.view.marketing.manager', 'View Marketing Manager', 'User can only view marketing manager details', '2018-09-14 05:47:19', '2018-09-14 05:47:19'),
(5, 'manage.marketing.officer', 'Manage Marketing Officer', 'User can manage marketing officer details', '2018-09-14 05:47:19', '2018-09-14 05:47:19'),
(6, 'only.view.marketing.officer', 'View Marketing Officer', 'User can only view marketing officer details', '2018-09-14 05:47:19', '2018-09-14 05:47:19'),
(7, 'manage.marketing.boy', 'Manage Marketing Boy', 'User can manage marketing boy details', '2018-09-14 05:47:19', '2018-09-14 05:47:19'),
(8, 'only.view.marketing.boy', 'View Marketing Boy', 'User can only view marketing boy details', '2018-09-14 05:47:19', '2018-09-14 05:47:19');

-- --------------------------------------------------------

--
-- Table structure for table `permission_role`
--

CREATE TABLE `permission_role` (
  `permission_id` int(10) UNSIGNED NOT NULL,
  `role_id` int(10) UNSIGNED NOT NULL
) ENGINE=MyISAM DEFAULT CHARSET=utf8mb4 COLLATE=utf8mb4_unicode_ci;

--
-- Dumping data for table `permission_role`
--

INSERT INTO `permission_role` (`permission_id`, `role_id`) VALUES
(1, 1),
(2, 1),
(2, 2),
(2, 3),
(2, 4),
(3, 1),
(4, 1),
(5, 1),
(5, 2),
(6, 1),
(6, 2),
(7, 1),
(7, 2),
(7, 3),
(8, 1),
(8, 2),
(8, 3),
(8, 4);

-- --------------------------------------------------------

--
-- Table structure for table `project_referred_relationships`
--

CREATE TABLE `project_referred_relationships` (
  `id` bigint(20) UNSIGNED NOT NULL,
  `sales_transaction_id` bigint(20) NOT NULL,
  `parent_name_id` bigint(20) DEFAULT NULL,
  `child_name_id` bigint(20) DEFAULT NULL,
  `created_at` timestamp NULL DEFAULT NULL,
  `updated_at` timestamp NULL DEFAULT NULL
) ENGINE=InnoDB DEFAULT CHARSET=utf8mb4 COLLATE=utf8mb4_unicode_ci;

--
-- Dumping data for table `project_referred_relationships`
--

INSERT INTO `project_referred_relationships` (`id`, `sales_transaction_id`, `parent_name_id`, `child_name_id`, `created_at`, `updated_at`) VALUES
(1, 1, 1, 1, '2019-06-13 11:36:10', '2019-06-13 11:36:10'),
(2, 1, 22, 1, '2019-06-13 11:36:10', '2019-06-13 11:36:10'),
(3, 1, 1, 1, '2019-06-13 11:36:10', '2019-06-13 11:36:10'),
(4, 1, 1, 2, '2019-06-13 11:36:10', '2019-06-13 11:36:10');

-- --------------------------------------------------------

--
-- Table structure for table `purchase_installment_payments`
--

CREATE TABLE `purchase_installment_payments` (
  `id` int(10) UNSIGNED NOT NULL,
  `purchase_transaction_id` int(10) UNSIGNED NOT NULL,
  `user_id` int(11) NOT NULL,
  `paid_amount` double(15,2) NOT NULL,
  `payment_method` int(11) NOT NULL,
  `cheque_number` varchar(191) COLLATE utf8mb4_unicode_ci DEFAULT NULL,
  `created_at` timestamp NULL DEFAULT NULL,
  `updated_at` timestamp NULL DEFAULT NULL
) ENGINE=InnoDB DEFAULT CHARSET=utf8mb4 COLLATE=utf8mb4_unicode_ci;

--
-- Dumping data for table `purchase_installment_payments`
--

INSERT INTO `purchase_installment_payments` (`id`, `purchase_transaction_id`, `user_id`, `paid_amount`, `payment_method`, `cheque_number`, `created_at`, `updated_at`) VALUES
(1, 1, 15, 20000.00, 2, NULL, '2019-06-18 06:05:18', '2019-06-18 06:05:18');

-- --------------------------------------------------------

--
-- Table structure for table `purchase_transactions`
--

CREATE TABLE `purchase_transactions` (
  `id` int(10) UNSIGNED NOT NULL,
  `user_id` int(11) NOT NULL,
  `shop_id` int(11) NOT NULL,
  `purchase_code` varchar(191) COLLATE utf8mb4_unicode_ci NOT NULL,
  `date` date NOT NULL,
  `total_amount` double(15,2) NOT NULL,
  `total_paid_amount` double(15,2) NOT NULL,
  `total_unpaid_amount` double(15,2) NOT NULL,
  `payment_complete_status` tinyint(1) NOT NULL,
  `created_at` timestamp NULL DEFAULT NULL,
  `updated_at` timestamp NULL DEFAULT NULL
) ENGINE=InnoDB DEFAULT CHARSET=utf8mb4 COLLATE=utf8mb4_unicode_ci;

--
-- Dumping data for table `purchase_transactions`
--

INSERT INTO `purchase_transactions` (`id`, `user_id`, `shop_id`, `purchase_code`, `date`, `total_amount`, `total_paid_amount`, `total_unpaid_amount`, `payment_complete_status`, `created_at`, `updated_at`) VALUES
(1, 15, 1, 'P-001-00001', '2019-06-18', 21000.00, 20000.00, 1000.00, 0, '2019-06-18 06:05:18', '2019-06-18 06:05:18');

-- --------------------------------------------------------

--
-- Table structure for table `purchase_transaction_items`
--

CREATE TABLE `purchase_transaction_items` (
  `id` int(10) UNSIGNED NOT NULL,
  `purchase_transaction_id` int(10) UNSIGNED NOT NULL,
  `items` varchar(191) COLLATE utf8mb4_unicode_ci NOT NULL,
  `rate` double(15,2) NOT NULL,
  `quantity` int(11) NOT NULL,
  `unit` varchar(191) COLLATE utf8mb4_unicode_ci NOT NULL,
  `total_price` double(15,2) NOT NULL,
  `created_at` timestamp NULL DEFAULT NULL,
  `updated_at` timestamp NULL DEFAULT NULL
) ENGINE=InnoDB DEFAULT CHARSET=utf8mb4 COLLATE=utf8mb4_unicode_ci;

--
-- Dumping data for table `purchase_transaction_items`
--

INSERT INTO `purchase_transaction_items` (`id`, `purchase_transaction_id`, `items`, `rate`, `quantity`, `unit`, `total_price`, `created_at`, `updated_at`) VALUES
(1, 1, 'Thermal Paste', 50.00, 20, 'pieces', 1000.00, '2019-06-18 06:05:18', '2019-06-18 06:05:18'),
(2, 1, 'Monitor', 10000.00, 2, 'pieces', 20000.00, '2019-06-18 06:05:18', '2019-06-18 06:05:18');

-- --------------------------------------------------------

--
-- Table structure for table `requested_sales_installment_payments`
--

CREATE TABLE `requested_sales_installment_payments` (
  `id` int(10) UNSIGNED NOT NULL,
  `r_transaction_id` int(11) NOT NULL,
  `r_user_id` int(11) NOT NULL,
  `r_paid_amount` double(15,2) NOT NULL,
  `r_payment_method` int(11) NOT NULL,
  `r_cheque_number` varchar(191) COLLATE utf8mb4_unicode_ci DEFAULT NULL,
  `r_date` date NOT NULL,
  `created_at` timestamp NULL DEFAULT NULL,
  `updated_at` timestamp NULL DEFAULT NULL
) ENGINE=InnoDB DEFAULT CHARSET=utf8mb4 COLLATE=utf8mb4_unicode_ci;

--
-- Dumping data for table `requested_sales_installment_payments`
--

INSERT INTO `requested_sales_installment_payments` (`id`, `r_transaction_id`, `r_user_id`, `r_paid_amount`, `r_payment_method`, `r_cheque_number`, `r_date`, `created_at`, `updated_at`) VALUES
(1, 2, 15, 100.00, 1, NULL, '2019-06-18', '2019-12-19 09:12:23', '2019-12-19 09:12:23'),
(2, 5, 15, 5000.12, 1, NULL, '2019-06-18', '2019-12-19 09:59:18', '2019-12-19 09:59:18'),
(3, 5, 15, 500.20, 1, NULL, '2019-06-18', '2019-12-19 09:59:18', '2019-12-19 09:59:18'),
(4, 5, 15, 100.26, 1, NULL, '2019-06-18', '2019-12-19 09:59:18', '2019-12-19 09:59:18'),
(5, 6, 15, 5000.12, 1, NULL, '2019-06-18', '2019-12-23 07:16:02', '2019-12-23 07:16:02'),
(6, 6, 15, 500.20, 1, NULL, '2019-06-18', '2019-12-23 07:16:02', '2019-12-23 07:16:02'),
(7, 6, 15, 100.26, 1, NULL, '2019-06-18', '2019-12-23 07:16:02', '2019-12-23 07:16:02'),
(8, 7, 15, 5000.12, 1, NULL, '2019-06-18', '2019-12-23 08:58:42', '2019-12-23 08:58:42'),
(9, 7, 15, 500.20, 1, NULL, '2019-06-18', '2019-12-23 08:58:43', '2019-12-23 08:58:43'),
(10, 7, 15, 100.26, 1, NULL, '2019-06-18', '2019-12-23 08:58:43', '2019-12-23 08:58:43'),
(11, 8, 15, 5000.12, 1, NULL, '2019-06-18', '2019-12-23 08:59:30', '2019-12-23 08:59:30'),
(12, 8, 15, 500.20, 1, NULL, '2019-06-18', '2019-12-23 08:59:30', '2019-12-23 08:59:30'),
(13, 8, 15, 100.26, 1, NULL, '2019-06-18', '2019-12-23 08:59:30', '2019-12-23 08:59:30'),
(14, 11, 15, 1000.00, 1, NULL, '2019-12-31', '2020-01-01 05:33:19', '2020-01-01 05:33:19'),
(15, 11, 15, 500.00, 1, NULL, '2020-01-01', '2020-01-01 05:33:19', '2020-01-01 05:33:19'),
(16, 12, 15, 1000.00, 1, NULL, '2019-12-31', '2020-01-01 09:02:29', '2020-01-01 09:02:29'),
(17, 13, 15, 1000.00, 1, NULL, '2019-12-31', '2020-01-01 09:02:29', '2020-01-01 09:02:29');

-- --------------------------------------------------------

--
-- Table structure for table `requested_sales_transactions`
--

CREATE TABLE `requested_sales_transactions` (
  `id` int(10) UNSIGNED NOT NULL,
  `r_actual_sale_id` int(11) DEFAULT NULL,
  `r_actual_purchase_id` int(11) DEFAULT NULL,
  `r_user_id` int(11) NOT NULL,
  `r_company_id` int(11) DEFAULT NULL,
  `r_shop_id` int(11) DEFAULT NULL,
  `r_referred_by` int(11) DEFAULT NULL,
  `r_sales_code` varchar(191) COLLATE utf8mb4_unicode_ci DEFAULT NULL,
  `r_purchase_code` varchar(191) COLLATE utf8mb4_unicode_ci DEFAULT NULL,
  `r_date` date NOT NULL,
  `r_total_amount` double(15,2) NOT NULL,
  `r_total_paid_amount` double(15,2) NOT NULL,
  `r_total_unpaid_amount` double(15,2) NOT NULL,
  `r_payment_complete_status` tinyint(1) NOT NULL,
  `r_operation` varchar(191) COLLATE utf8mb4_unicode_ci NOT NULL,
  `completed` tinyint(1) NOT NULL,
  `created_at` timestamp NULL DEFAULT NULL,
  `updated_at` timestamp NULL DEFAULT NULL
) ENGINE=InnoDB DEFAULT CHARSET=utf8mb4 COLLATE=utf8mb4_unicode_ci;

--
-- Dumping data for table `requested_sales_transactions`
--

INSERT INTO `requested_sales_transactions` (`id`, `r_actual_sale_id`, `r_actual_purchase_id`, `r_user_id`, `r_company_id`, `r_shop_id`, `r_referred_by`, `r_sales_code`, `r_purchase_code`, `r_date`, `r_total_amount`, `r_total_paid_amount`, `r_total_unpaid_amount`, `r_payment_complete_status`, `r_operation`, `completed`, `created_at`, `updated_at`) VALUES
(1, 3, NULL, 15, 8, NULL, 9, 'S-008-00003', NULL, '2019-10-02', 6000.00, 0.00, 6000.00, 0, 'edit', 1, '2019-10-23 06:59:25', '2019-12-23 07:27:03'),
(2, 2, NULL, 15, 117, NULL, 8, 'S-117-00002', NULL, '2019-06-18', 10000.00, 100.00, 9900.00, 0, 'edit', 1, '2019-12-19 09:12:23', '2019-12-23 07:27:14'),
(3, 3, NULL, 15, 8, NULL, 9, 'S-008-00003', NULL, '2019-10-02', 2000.00, 0.00, 2000.00, 0, 'edit', 1, '2019-12-19 09:13:10', '2019-12-23 07:28:15'),
(4, 3, NULL, 15, 8, NULL, 9, 'S-008-00003', NULL, '2019-10-02', 2000.00, 0.00, 2000.00, 0, 'edit', 1, '2019-12-19 09:58:56', '2019-12-23 07:28:20'),
(5, 1, NULL, 15, 117, NULL, 8, 'S-117-00001', NULL, '2019-06-18', 6000.62, 5600.58, 400.04, 0, 'edit', 1, '2019-12-19 09:59:17', '2019-12-23 07:28:26'),
(6, 1, NULL, 15, 117, NULL, 8, 'S-117-00001', NULL, '2019-06-18', 6000.62, 5600.58, 400.04, 0, 'edit', 1, '2019-12-23 07:16:01', '2019-12-23 07:28:32'),
(7, 1, NULL, 15, 117, NULL, 8, 'S-117-00001', NULL, '2019-06-18', 6000.62, 5600.58, 400.04, 0, 'edit', 1, '2019-12-23 08:58:42', '2019-12-23 08:58:58'),
(8, 1, NULL, 15, 117, NULL, 8, 'S-117-00001', NULL, '2019-06-18', 6000.62, 5600.58, 400.04, 0, 'edit', 1, '2019-12-23 08:59:30', '2019-12-23 08:59:42'),
(9, 3, NULL, 15, 8, NULL, 9, 'S-008-00003', NULL, '2019-10-02', 2000.00, 0.00, 2000.00, 0, 'edit', 1, '2019-12-30 05:37:02', '2019-12-30 05:39:40'),
(10, 3, NULL, 15, 8, NULL, 9, 'S-008-00003', NULL, '2019-10-02', 2000.00, 0.00, 2000.00, 0, 'edit', 1, '2019-12-30 09:37:20', '2020-01-01 05:32:31'),
(11, 3, NULL, 15, 8, NULL, 9, 'S-008-00003', NULL, '2019-10-02', 2000.00, 1500.00, 500.00, 0, 'edit', 0, '2020-01-01 05:33:19', '2020-01-01 05:33:19'),
(12, 3, NULL, 15, 8, NULL, 9, 'S-008-00003', NULL, '2019-10-02', 5000.00, 1000.00, 4000.00, 0, 'edit', 0, '2020-01-01 09:02:29', '2020-01-01 09:02:29'),
(13, 3, NULL, 15, 8, NULL, 9, 'S-008-00003', NULL, '2019-10-02', 5000.00, 1000.00, 4000.00, 0, 'edit', 0, '2020-01-01 09:02:29', '2020-01-01 09:02:29'),
(14, 4, NULL, 15, 117, NULL, 8, 'S-117-00004', NULL, '2020-01-02', 76000.00, 5000.00, 71000.00, 0, 'edit', 0, '2020-01-02 04:04:22', '2020-01-02 04:04:22'),
(15, 4, NULL, 15, 117, NULL, 8, 'S-117-00004', NULL, '2020-01-02', 76000.00, 5000.00, 71000.00, 0, 'edit', 0, '2020-01-02 04:04:22', '2020-01-02 04:04:22');

-- --------------------------------------------------------

--
-- Table structure for table `requested_sales_transaction_items`
--

CREATE TABLE `requested_sales_transaction_items` (
  `id` int(10) UNSIGNED NOT NULL,
  `r_transaction_id` int(11) NOT NULL,
  `r_items` varchar(191) COLLATE utf8mb4_unicode_ci DEFAULT NULL,
  `r_quantity` int(11) DEFAULT NULL,
  `r_unit` varchar(191) COLLATE utf8mb4_unicode_ci DEFAULT NULL,
  `r_rate` double(15,2) DEFAULT NULL,
  `r_service_id` int(11) DEFAULT NULL,
  `r_total_price` double(15,2) NOT NULL,
  `r_information` varchar(191) COLLATE utf8mb4_unicode_ci DEFAULT NULL,
  `r_start_date` date DEFAULT NULL,
  `r_end_date` date DEFAULT NULL,
  `created_at` timestamp NULL DEFAULT NULL,
  `updated_at` timestamp NULL DEFAULT NULL
) ENGINE=InnoDB DEFAULT CHARSET=utf8mb4 COLLATE=utf8mb4_unicode_ci;

--
-- Dumping data for table `requested_sales_transaction_items`
--

INSERT INTO `requested_sales_transaction_items` (`id`, `r_transaction_id`, `r_items`, `r_quantity`, `r_unit`, `r_rate`, `r_service_id`, `r_total_price`, `r_information`, `r_start_date`, `r_end_date`, `created_at`, `updated_at`) VALUES
(1, 1, NULL, NULL, NULL, NULL, 14, 2000.00, 'information1', '2019-10-01', '2019-10-02', '2019-10-23 06:59:26', '2019-10-23 06:59:26'),
(2, 1, NULL, NULL, NULL, NULL, 13, 4000.00, 'informaiton2', '2019-10-09', '2019-10-24', '2019-10-23 06:59:26', '2019-10-23 06:59:26'),
(3, 2, NULL, NULL, NULL, NULL, 8, 10000.00, 'www.ultrabyteit.com', '2019-06-01', '2020-06-20', '2019-12-19 09:12:23', '2019-12-19 09:12:23'),
(4, 3, NULL, NULL, NULL, NULL, 14, 2000.00, 'information1', '2019-10-01', '2019-10-02', '2019-12-19 09:13:10', '2019-12-19 09:13:10'),
(5, 4, NULL, NULL, NULL, NULL, 14, 2000.00, 'information1', '2019-10-01', '2019-10-02', '2019-12-19 09:58:56', '2019-12-19 09:58:56'),
(6, 5, NULL, NULL, NULL, NULL, 2, 5000.00, 'gold-package', NULL, NULL, '2019-12-19 09:59:17', '2019-12-19 09:59:17'),
(7, 5, NULL, NULL, NULL, NULL, 13, 1000.62, 'www.ubmis.ultrabyteit.com', NULL, NULL, '2019-12-19 09:59:17', '2019-12-19 09:59:17'),
(8, 6, NULL, NULL, NULL, NULL, 2, 5000.00, 'gold-package', NULL, '2019-12-22', '2019-12-23 07:16:01', '2019-12-23 07:16:01'),
(9, 6, NULL, NULL, NULL, NULL, 13, 1000.62, 'www.ubmis.ultrabyteit.com', NULL, '2019-12-21', '2019-12-23 07:16:02', '2019-12-23 07:16:02'),
(10, 7, NULL, NULL, NULL, NULL, 2, 5000.00, 'gold-package', '2019-12-03', '2019-12-22', '2019-12-23 08:58:42', '2019-12-23 08:58:42'),
(11, 7, NULL, NULL, NULL, NULL, 13, 1000.62, 'www.ubmis.ultrabyteit.com', '2019-12-01', '2019-12-21', '2019-12-23 08:58:42', '2019-12-23 08:58:42'),
(12, 8, NULL, NULL, NULL, NULL, 2, 5000.00, 'gold-package', '2019-12-03', '2019-12-24', '2019-12-23 08:59:30', '2019-12-23 08:59:30'),
(13, 8, NULL, NULL, NULL, NULL, 13, 1000.62, 'www.ubmis.ultrabyteit.com', '2019-12-01', '2019-12-25', '2019-12-23 08:59:30', '2019-12-23 08:59:30'),
(14, 9, NULL, NULL, NULL, NULL, 14, 2000.00, 'information1', '2019-10-01', '2019-12-31', '2019-12-30 05:37:02', '2019-12-30 05:37:02'),
(15, 10, NULL, NULL, NULL, NULL, 14, 2000.00, 'information1', '2019-10-02', '2019-12-31', '2019-12-30 09:37:20', '2019-12-30 09:37:20'),
(16, 11, NULL, NULL, NULL, NULL, 14, 2000.00, 'information1', NULL, NULL, '2020-01-01 05:33:19', '2020-01-01 05:33:19'),
(17, 12, NULL, NULL, NULL, NULL, 14, 2000.00, 'information1', '2019-10-01', '2019-12-31', '2020-01-01 09:02:29', '2020-01-01 09:02:29'),
(18, 13, NULL, NULL, NULL, NULL, 14, 2000.00, 'information1', '2019-10-01', '2019-12-31', '2020-01-01 09:02:29', '2020-01-01 09:02:29'),
(19, 12, NULL, NULL, NULL, NULL, 4, 3000.00, 'information2', NULL, NULL, '2020-01-01 09:02:29', '2020-01-01 09:02:29'),
(20, 13, NULL, NULL, NULL, NULL, 4, 3000.00, 'information2', NULL, NULL, '2020-01-01 09:02:29', '2020-01-01 09:02:29'),
(21, 15, NULL, NULL, NULL, NULL, 7, 50000.00, 'Android app', NULL, NULL, '2020-01-02 04:04:22', '2020-01-02 04:04:22'),
(22, 14, NULL, NULL, NULL, NULL, 7, 50000.00, 'Android app', NULL, NULL, '2020-01-02 04:04:22', '2020-01-02 04:04:22'),
(23, 14, NULL, NULL, NULL, NULL, 11, 1000.00, 'letter', NULL, NULL, '2020-01-02 04:04:22', '2020-01-02 04:04:22'),
(24, 15, NULL, NULL, NULL, NULL, 11, 1000.00, 'letter', NULL, NULL, '2020-01-02 04:04:22', '2020-01-02 04:04:22'),
(25, 14, NULL, NULL, NULL, NULL, 5, 20000.00, 'ubmis', NULL, NULL, '2020-01-02 04:04:22', '2020-01-02 04:04:22'),
(26, 14, NULL, NULL, NULL, NULL, 7, 5000.00, 'android app 2', NULL, NULL, '2020-01-02 04:04:22', '2020-01-02 04:04:22'),
(27, 15, NULL, NULL, NULL, NULL, 5, 20000.00, 'ubmis', NULL, NULL, '2020-01-02 04:04:22', '2020-01-02 04:04:22'),
(28, 15, NULL, NULL, NULL, NULL, 7, 5000.00, 'android app 2', NULL, NULL, '2020-01-02 04:04:22', '2020-01-02 04:04:22');

-- --------------------------------------------------------

--
-- Table structure for table `requested_s_t_item_fbs`
--

CREATE TABLE `requested_s_t_item_fbs` (
  `id` int(10) UNSIGNED NOT NULL,
  `r_s_t_item_id` int(10) UNSIGNED NOT NULL,
  `r_particulars` varchar(191) COLLATE utf8mb4_unicode_ci NOT NULL,
  `r_dollar` double(15,2) NOT NULL,
  `r_graphics` double(15,2) NOT NULL,
  `r_total` double(15,2) NOT NULL,
  `created_at` timestamp NULL DEFAULT NULL,
  `updated_at` timestamp NULL DEFAULT NULL
) ENGINE=InnoDB DEFAULT CHARSET=utf8mb4 COLLATE=utf8mb4_unicode_ci;

-- --------------------------------------------------------

--
-- Table structure for table `request_logs`
--

CREATE TABLE `request_logs` (
  `id` int(10) UNSIGNED NOT NULL,
  `user_id` int(11) NOT NULL,
  `date` date NOT NULL,
  `company_id` int(11) NOT NULL,
  `services` varchar(191) COLLATE utf8mb4_unicode_ci NOT NULL,
  `purchase_item` varchar(191) COLLATE utf8mb4_unicode_ci NOT NULL,
  `total_price` int(11) NOT NULL,
  `paid_amount` int(11) NOT NULL,
  `unpaid_amount` int(11) NOT NULL,
  `payment_complete_status` tinyint(1) NOT NULL,
  `created_at` timestamp NULL DEFAULT NULL,
  `updated_at` timestamp NULL DEFAULT NULL
) ENGINE=InnoDB DEFAULT CHARSET=utf8mb4 COLLATE=utf8mb4_unicode_ci;

-- --------------------------------------------------------

--
-- Table structure for table `roles`
--

CREATE TABLE `roles` (
  `id` int(10) UNSIGNED NOT NULL,
  `name` varchar(191) COLLATE utf8mb4_unicode_ci NOT NULL,
  `display_name` varchar(191) COLLATE utf8mb4_unicode_ci DEFAULT NULL,
  `description` varchar(191) COLLATE utf8mb4_unicode_ci DEFAULT NULL,
  `created_at` timestamp NULL DEFAULT NULL,
  `updated_at` timestamp NULL DEFAULT NULL
) ENGINE=MyISAM DEFAULT CHARSET=utf8mb4 COLLATE=utf8mb4_unicode_ci;

--
-- Dumping data for table `roles`
--

INSERT INTO `roles` (`id`, `name`, `display_name`, `description`, `created_at`, `updated_at`) VALUES
(1, 'admin', 'Admin', 'Top Level Administrator In UltraByte Information Management System.', '2018-09-14 05:47:19', '2018-09-14 05:47:19'),
(2, 'marketingManager', 'Marketing Manager', 'Marketing Manager In UltraByte Information Management System.', '2018-09-14 05:47:19', '2018-09-14 05:47:19'),
(3, 'marketingOfficer', 'Marketing Officer', 'Marketing Officer In UltraByte Information Management System.', '2018-09-14 05:47:19', '2018-09-14 05:47:19'),
(4, 'marketingBoy', 'Marketing Boy', 'Marketing Boy In UltraByte Information Management System.', '2018-09-14 05:47:19', '2018-09-14 05:47:19'),
(5, 'projectManager', 'Project Manager', 'Project Manager In UltraByte Information Management System.', '2018-09-14 05:47:19', '2018-09-14 05:47:19'),
(6, 'receptionist', 'Receptionist', 'Receptionist In UltraByte Information Management System.', '2018-09-14 05:47:19', '2018-09-14 05:47:19'),
(7, 'hrManager', 'HR Manager', 'HR Manager In UltraByte Information Management System.', '2018-09-14 05:47:19', '2018-09-14 05:47:19'),
(8, 'accountant', 'Accountant', 'Accountant In UltraByte Information Management System.', '2018-09-14 05:47:19', '2018-09-14 05:47:19'),
(9, 'client', 'Client', 'Client Of UltraByte Information Management System.', '2019-02-17 09:35:03', '2019-02-17 09:35:03'),
(10, 'supporter', 'Supporter', 'Supporter In UltraByte Information Management System.', '2019-02-21 09:04:40', '2019-02-21 09:04:40'),
(11, 'agent', 'Agent', 'manage ticket', '2020-02-03 09:57:11', '2020-02-03 09:57:11');

-- --------------------------------------------------------

--
-- Table structure for table `role_user`
--

CREATE TABLE `role_user` (
  `user_id` int(10) UNSIGNED NOT NULL,
  `role_id` int(10) UNSIGNED NOT NULL
) ENGINE=MyISAM DEFAULT CHARSET=utf8mb4 COLLATE=utf8mb4_unicode_ci;

--
-- Dumping data for table `role_user`
--

INSERT INTO `role_user` (`user_id`, `role_id`) VALUES
(1, 1),
(2, 2),
(3, 3),
(4, 4),
(5, 5),
(6, 4),
(7, 3),
(8, 3),
(9, 2),
(10, 3),
(11, 4),
(12, 5),
(13, 6),
(14, 7),
(15, 8),
(18, 2),
(19, 1),
(20, 8),
(21, 3),
(22, 10),
(23, 9),
(24, 9),
(25, 9),
(26, 9),
(27, 9),
(28, 9),
(29, 9),
(30, 3),
(31, 9),
(32, 9),
(33, 9),
(34, 9),
(35, 9),
(36, 9),
(37, 9),
(38, 9),
(39, 9),
(40, 9),
(41, 9),
(42, 9),
(43, 3),
(44, 3),
(45, 9),
(46, 9),
(47, 10),
(48, 9),
(49, 3),
(50, 9),
(51, 9),
(52, 11),
(53, 11);

-- --------------------------------------------------------

--
-- Table structure for table `sales`
--

CREATE TABLE `sales` (
  `id` int(10) UNSIGNED NOT NULL,
  `user_id` int(10) UNSIGNED NOT NULL,
  `company_id` int(10) UNSIGNED NOT NULL,
  `sales_category_id` int(10) UNSIGNED NOT NULL,
  `target_id` int(10) UNSIGNED NOT NULL,
  `date` date DEFAULT NULL,
  `office_name` varchar(191) COLLATE utf8mb4_unicode_ci DEFAULT NULL,
  `received_amount` double(8,2) DEFAULT NULL,
  `created_at` timestamp NULL DEFAULT NULL,
  `updated_at` timestamp NULL DEFAULT NULL
) ENGINE=InnoDB DEFAULT CHARSET=utf8mb4 COLLATE=utf8mb4_unicode_ci;

--
-- Dumping data for table `sales`
--

INSERT INTO `sales` (`id`, `user_id`, `company_id`, `sales_category_id`, `target_id`, `date`, `office_name`, `received_amount`, `created_at`, `updated_at`) VALUES
(2, 10, 10, 1, 1, '2019-01-28', 'Merit intl Education pvt.ltd', 20000.00, '2019-01-27 23:37:24', '2019-01-27 23:37:24'),
(4, 10, 20, 7, 1, '2019-01-28', 'Madina Intl services', 10000.00, '2019-01-28 00:25:39', '2019-01-28 00:25:39');

-- --------------------------------------------------------

--
-- Table structure for table `sales_categories`
--

CREATE TABLE `sales_categories` (
  `id` int(10) UNSIGNED NOT NULL,
  `name` varchar(100) COLLATE utf8mb4_unicode_ci DEFAULT NULL,
  `description` varchar(191) COLLATE utf8mb4_unicode_ci DEFAULT NULL,
  `slug` varchar(191) COLLATE utf8mb4_unicode_ci NOT NULL,
  `created_at` timestamp NULL DEFAULT NULL,
  `updated_at` timestamp NULL DEFAULT NULL
) ENGINE=InnoDB DEFAULT CHARSET=utf8mb4 COLLATE=utf8mb4_unicode_ci;

--
-- Dumping data for table `sales_categories`
--

INSERT INTO `sales_categories` (`id`, `name`, `description`, `slug`, `created_at`, `updated_at`) VALUES
(1, 'Website', 'Sales for website category.', 'website', '2018-09-14 05:47:19', '2018-09-14 05:47:19'),
(2, 'SEO', 'Sales for SEO category.', 'seo', '2018-09-14 05:47:19', '2018-09-14 05:47:19'),
(3, 'Facebook', 'Sales for Facebook category.', 'facebook', '2018-09-14 05:47:19', '2018-09-14 05:47:19'),
(4, 'Graphics', 'Sales for Graphics category.', 'graphics', '2018-09-14 05:47:19', '2018-09-14 05:47:19'),
(5, 'System', 'Sales for System category.', 'system', '2018-09-14 05:47:19', '2018-09-14 05:47:19'),
(6, 'Animation', 'Sales for Animation category.', 'animation', '2018-09-14 05:47:19', '2018-09-14 05:47:19'),
(7, 'Apps', 'Sales for Apps category.', 'apps', '2018-09-14 05:47:19', '2018-09-14 05:47:19'),
(8, 'Domain Name Registration', 'Sales for Domain Name Registration category', 'domain-name-registration', '2019-02-22 08:53:53', '2019-02-22 08:53:53'),
(9, 'Hosting', 'Sales for Hosting category', 'hosting', '2019-02-22 08:54:29', '2019-02-22 08:54:29'),
(10, 'AMC (Annual Maintenance Charge)', 'Sales for AMC (Annual Maintenance Charge) category.', 'amc-(annual-maintenance-charge)', NULL, NULL),
(11, 'Printing', 'Sales for Printing category', 'printing', '2019-05-13 18:15:00', '2019-05-13 18:15:00'),
(12, 'Others', 'Sales for Others category', 'others', '2019-05-13 18:15:00', '2019-05-13 18:15:00'),
(13, 'Content Writing', 'Sales for Content Writing category.', 'content-writing', '2019-06-01 18:15:00', '2019-06-01 18:15:00'),
(14, 'Maintenance', 'Sales for Maintenance category.', 'maintenance', '2019-06-01 18:15:00', '2019-06-01 18:15:00');

-- --------------------------------------------------------

--
-- Table structure for table `sales_installment_payments`
--

CREATE TABLE `sales_installment_payments` (
  `id` int(10) UNSIGNED NOT NULL,
  `sales_transaction_id` int(10) UNSIGNED NOT NULL,
  `user_id` int(11) NOT NULL,
  `paid_amount` double(15,2) NOT NULL,
  `payment_method` int(11) NOT NULL,
  `cheque_number` varchar(191) COLLATE utf8mb4_unicode_ci DEFAULT NULL,
  `date` date NOT NULL,
  `created_at` timestamp NULL DEFAULT NULL,
  `updated_at` timestamp NULL DEFAULT NULL
) ENGINE=InnoDB DEFAULT CHARSET=utf8mb4 COLLATE=utf8mb4_unicode_ci;

--
-- Dumping data for table `sales_installment_payments`
--

INSERT INTO `sales_installment_payments` (`id`, `sales_transaction_id`, `user_id`, `paid_amount`, `payment_method`, `cheque_number`, `date`, `created_at`, `updated_at`) VALUES
(16, 2, 15, 100.00, 1, NULL, '2019-06-18', '2019-12-23 07:27:14', '2019-12-23 07:27:14'),
(26, 1, 15, 5000.12, 1, NULL, '2019-06-18', '2019-12-23 08:59:42', '2019-12-23 08:59:42'),
(27, 1, 15, 500.20, 1, NULL, '2019-06-18', '2019-12-23 08:59:42', '2019-12-23 08:59:42'),
(28, 1, 15, 100.26, 1, NULL, '2019-06-18', '2019-12-23 08:59:42', '2019-12-23 08:59:42'),
(29, 3, 15, 1000.00, 1, NULL, '2019-12-31', '2019-12-31 06:37:16', '2019-12-31 06:37:16'),
(30, 5, 15, 5000.00, 1, NULL, '2020-01-02', '2020-01-02 04:03:45', '2020-01-02 04:03:45'),
(31, 2, 15, 100.00, 1, NULL, '2020-01-15', '2020-01-15 09:10:27', '2020-01-15 09:10:27'),
(32, 6, 15, 5000.00, 1, NULL, '2020-01-23', '2020-01-23 12:14:38', '2020-01-23 12:14:38'),
(33, 7, 15, 5000.00, 1, NULL, '2020-01-23', '2020-01-23 12:19:37', '2020-01-23 12:19:37'),
(34, 8, 15, 5000.00, 1, NULL, '2020-01-23', '2020-01-23 12:29:30', '2020-01-23 12:29:30'),
(35, 9, 15, 5000.00, 1, NULL, '2020-01-24', '2020-01-24 10:04:59', '2020-01-24 10:04:59'),
(36, 10, 15, 5000.00, 1, NULL, '2020-01-24', '2020-01-24 10:05:57', '2020-01-24 10:05:57'),
(37, 11, 15, 5000.00, 1, NULL, '2020-01-24', '2020-01-24 10:07:31', '2020-01-24 10:07:31'),
(38, 12, 15, 5000.00, 1, NULL, '2020-01-24', '2020-01-24 11:31:41', '2020-01-24 11:31:41'),
(39, 13, 15, 5000.00, 1, NULL, '2020-01-24', '2020-01-24 11:46:12', '2020-01-24 11:46:12'),
(40, 14, 15, 5000.00, 1, NULL, '2020-01-24', '2020-01-24 11:46:18', '2020-01-24 11:46:18'),
(41, 15, 15, 5000.00, 1, NULL, '2020-01-24', '2020-01-24 12:14:59', '2020-01-24 12:14:59');

-- --------------------------------------------------------

--
-- Table structure for table `sales_transactions`
--

CREATE TABLE `sales_transactions` (
  `id` int(10) UNSIGNED NOT NULL,
  `user_id` int(11) NOT NULL,
  `company_id` int(11) NOT NULL,
  `referred_by` int(11) NOT NULL,
  `sales_code` varchar(191) COLLATE utf8mb4_unicode_ci NOT NULL,
  `date` date NOT NULL,
  `total_amount` double(15,2) NOT NULL,
  `total_paid_amount` double(15,2) NOT NULL,
  `total_unpaid_amount` double(15,2) NOT NULL,
  `payment_complete_status` tinyint(1) NOT NULL,
  `created_at` timestamp NULL DEFAULT NULL,
  `updated_at` timestamp NULL DEFAULT NULL
) ENGINE=InnoDB DEFAULT CHARSET=utf8mb4 COLLATE=utf8mb4_unicode_ci;

--
-- Dumping data for table `sales_transactions`
--

INSERT INTO `sales_transactions` (`id`, `user_id`, `company_id`, `referred_by`, `sales_code`, `date`, `total_amount`, `total_paid_amount`, `total_unpaid_amount`, `payment_complete_status`, `created_at`, `updated_at`) VALUES
(1, 15, 117, 8, 'S-117-00001', '2019-06-18', 6000.62, 5600.58, 400.04, 0, '2019-06-18 05:45:17', '2019-06-18 06:04:00'),
(2, 15, 117, 8, 'S-117-00002', '2019-06-18', 10000.00, 200.00, 9800.00, 0, '2019-06-18 10:07:31', '2020-01-15 09:10:27'),
(3, 15, 8, 9, 'S-008-00003', '2019-10-02', 2000.00, 1000.00, 1000.00, 0, '2019-10-23 06:55:28', '2019-12-31 06:37:16'),
(4, 15, 117, 8, 'S-117-00004', '2020-01-02', 71000.00, 5000.00, 66000.00, 0, '2020-01-02 04:02:07', '2020-01-02 04:02:07'),
(5, 15, 117, 8, 'S-117-00005', '2020-01-02', 71000.00, 5000.00, 66000.00, 0, '2020-01-02 04:03:45', '2020-01-02 04:03:45'),
(6, 15, 122, 8, 'S-000-00006', '2020-01-23', 10000.00, 5000.00, 5000.00, 0, '2020-01-23 12:14:38', '2020-01-23 12:14:38'),
(7, 15, 122, 8, 'S-000-00006', '2020-01-23', 10000.00, 5000.00, 5000.00, 0, '2020-01-23 12:19:37', '2020-01-23 12:19:37'),
(8, 15, 122, 8, 'S-000-00006', '2020-01-23', 10000.00, 5000.00, 5000.00, 0, '2020-01-23 12:29:30', '2020-01-23 12:29:30'),
(9, 15, 123, 8, 'S-000-00009', '2020-01-24', 10000.00, 5000.00, 5000.00, 0, '2020-01-24 10:04:59', '2020-01-24 10:04:59'),
(10, 15, 123, 8, 'S-000-00009', '2020-01-24', 10000.00, 5000.00, 5000.00, 0, '2020-01-24 10:05:57', '2020-01-24 10:05:57'),
(11, 15, 123, 8, 'S-000-00009', '2020-01-24', 10000.00, 5000.00, 5000.00, 0, '2020-01-24 10:07:31', '2020-01-24 10:07:31'),
(12, 15, 123, 8, 'S-000-00009', '2020-01-24', 10000.00, 5000.00, 5000.00, 0, '2020-01-24 11:31:41', '2020-01-24 11:31:41'),
(13, 15, 123, 8, 'S-000-00009', '2020-01-24', 10000.00, 5000.00, 5000.00, 0, '2020-01-24 11:46:12', '2020-01-24 11:46:12'),
(14, 15, 123, 8, 'S-000-00009', '2020-01-24', 10000.00, 5000.00, 5000.00, 0, '2020-01-24 11:46:18', '2020-01-24 11:46:18'),
(15, 15, 123, 8, 'S-000-00009', '2020-01-24', 10000.00, 5000.00, 5000.00, 0, '2020-01-24 12:14:59', '2020-01-24 12:14:59');

-- --------------------------------------------------------

--
-- Table structure for table `sales_transactions_items`
--

CREATE TABLE `sales_transactions_items` (
  `id` int(10) UNSIGNED NOT NULL,
  `sales_transaction_id` int(10) UNSIGNED NOT NULL,
  `service_id` int(11) NOT NULL,
  `total_price` double(15,2) NOT NULL,
  `information` varchar(191) COLLATE utf8mb4_unicode_ci DEFAULT NULL,
  `start_date` date DEFAULT NULL,
  `end_date` date DEFAULT NULL,
  `created_at` timestamp NULL DEFAULT NULL,
  `updated_at` timestamp NULL DEFAULT NULL
) ENGINE=InnoDB DEFAULT CHARSET=utf8mb4 COLLATE=utf8mb4_unicode_ci;

--
-- Dumping data for table `sales_transactions_items`
--

INSERT INTO `sales_transactions_items` (`id`, `sales_transaction_id`, `service_id`, `total_price`, `information`, `start_date`, `end_date`, `created_at`, `updated_at`) VALUES
(17, 2, 8, 10000.00, 'www.ultrabyteit.com', '2019-06-01', '2020-01-01', '2019-12-23 07:27:14', '2019-12-23 07:27:14'),
(26, 1, 2, 5000.00, 'gold-package', '2019-12-03', '2019-12-24', '2019-12-23 08:59:41', '2019-12-23 08:59:41'),
(27, 1, 13, 1000.62, 'www.ubmis.ultrabyteit.com', '2019-12-01', '2019-12-25', '2019-12-23 08:59:42', '2019-12-23 08:59:42'),
(28, 3, 14, 2000.00, 'information1', '2019-10-01', '2019-12-31', '2019-12-30 05:39:40', '2019-12-30 05:39:40'),
(29, 4, 7, 50000.00, 'Android app', NULL, NULL, '2020-01-02 04:02:07', '2020-01-02 04:02:07'),
(30, 4, 11, 1000.00, 'letter', NULL, NULL, '2020-01-02 04:02:07', '2020-01-02 04:02:07'),
(31, 4, 5, 20000.00, 'ubmis', NULL, NULL, '2020-01-02 04:02:07', '2020-01-02 04:02:07'),
(32, 5, 7, 50000.00, 'Android app', NULL, NULL, '2020-01-02 04:03:45', '2020-01-02 04:03:45'),
(33, 5, 5, 20000.00, 'ubmis', NULL, NULL, '2020-01-02 04:03:45', '2020-01-02 04:03:45'),
(34, 5, 11, 1000.00, 'a4 size paper', NULL, NULL, '2020-01-02 04:03:45', '2020-01-02 04:03:45'),
(35, 6, 1, 10000.00, 'ultrabyteit.com', '2020-01-23', '2020-01-31', '2020-01-23 12:14:38', '2020-01-23 12:14:38'),
(36, 7, 1, 10000.00, 'ultrabyteit.com', '2020-01-23', '2020-01-31', '2020-01-23 12:19:37', '2020-01-23 12:19:37'),
(37, 8, 1, 10000.00, 'ultrabyteit.com', '2020-01-23', '2020-01-31', '2020-01-23 12:29:30', '2020-01-23 12:29:30'),
(38, 9, 1, 10000.00, 'ultrabyteit.com', '2020-01-24', '2020-01-31', '2020-01-24 10:04:59', '2020-01-24 10:04:59'),
(39, 10, 1, 10000.00, 'ultrabyteit.com', '2020-01-24', '2020-01-31', '2020-01-24 10:05:57', '2020-01-24 10:05:57'),
(40, 11, 1, 10000.00, 'ultrabyteit.com', '2020-01-24', '2020-01-31', '2020-01-24 10:07:31', '2020-01-24 10:07:31'),
(41, 12, 1, 10000.00, 'ultrabyteit.com', '2020-01-24', '2020-01-31', '2020-01-24 11:31:41', '2020-01-24 11:31:41'),
(42, 13, 1, 10000.00, 'ultrabyteit.com', '2020-01-24', '2020-01-31', '2020-01-24 11:46:12', '2020-01-24 11:46:12'),
(43, 14, 1, 10000.00, 'ultrabyteit.com', '2020-01-24', '2020-01-31', '2020-01-24 11:46:18', '2020-01-24 11:46:18'),
(44, 15, 1, 10000.00, 'ultrabyteit.com', '2020-01-24', '2020-01-31', '2020-01-24 12:14:59', '2020-01-24 12:14:59');

-- --------------------------------------------------------

--
-- Table structure for table `sales_transactions_item_fbs`
--

CREATE TABLE `sales_transactions_item_fbs` (
  `id` int(10) UNSIGNED NOT NULL,
  `sales_transactions_item_id` int(11) NOT NULL,
  `particulars` varchar(191) COLLATE utf8mb4_unicode_ci NOT NULL,
  `dollar` double(15,2) NOT NULL,
  `graphics` double(15,2) NOT NULL,
  `total` double(15,2) NOT NULL,
  `created_at` timestamp NULL DEFAULT NULL,
  `updated_at` timestamp NULL DEFAULT NULL
) ENGINE=InnoDB DEFAULT CHARSET=utf8mb4 COLLATE=utf8mb4_unicode_ci;

-- --------------------------------------------------------

--
-- Table structure for table `seo_packages`
--

CREATE TABLE `seo_packages` (
  `id` bigint(20) UNSIGNED NOT NULL,
  `name` varchar(191) COLLATE utf8mb4_unicode_ci NOT NULL,
  `price` bigint(20) NOT NULL,
  `slug` varchar(191) COLLATE utf8mb4_unicode_ci NOT NULL,
  `created_at` timestamp NULL DEFAULT NULL,
  `updated_at` timestamp NULL DEFAULT NULL
) ENGINE=InnoDB DEFAULT CHARSET=utf8mb4 COLLATE=utf8mb4_unicode_ci;

--
-- Dumping data for table `seo_packages`
--

INSERT INTO `seo_packages` (`id`, `name`, `price`, `slug`, `created_at`, `updated_at`) VALUES
(1, 'Gold Package', 5000, 'gold-package', '2019-05-31 09:24:25', '2019-05-31 09:24:25'),
(2, 'Silver Package', 3000, 'silver-package', '2019-05-31 09:24:40', '2019-05-31 09:24:40'),
(3, 'Bronze Package', 1000, 'bronze-package', '2019-05-31 09:24:53', '2019-05-31 09:24:53'),
(5, 'Package', 500, 'package', '2019-05-31 10:07:16', '2019-05-31 10:07:16'),
(7, 'Customize', 0, 'customize', '2019-05-31 10:07:23', '2019-05-31 10:07:23'),
(8, 'Another', 10000, 'another', '2019-05-31 11:43:16', '2019-05-31 11:43:16');

-- --------------------------------------------------------

--
-- Table structure for table `shops`
--

CREATE TABLE `shops` (
  `id` int(10) UNSIGNED NOT NULL,
  `name` varchar(191) COLLATE utf8mb4_unicode_ci NOT NULL,
  `address` varchar(191) COLLATE utf8mb4_unicode_ci NOT NULL,
  `created_at` timestamp NULL DEFAULT NULL,
  `updated_at` timestamp NULL DEFAULT NULL
) ENGINE=InnoDB DEFAULT CHARSET=utf8mb4 COLLATE=utf8mb4_unicode_ci;

--
-- Dumping data for table `shops`
--

INSERT INTO `shops` (`id`, `name`, `address`, `created_at`, `updated_at`) VALUES
(1, 'ABC Stationary', 'Basundhara', '2019-02-13 02:41:59', '2019-02-13 02:41:59'),
(2, 'XYZ Stationary', 'xyz@gmail.com', '2019-02-13 02:42:25', '2019-02-13 02:42:25'),
(3, 'Dhanalaxmi Fruits and Vegetable shop', 'Basundhara', '2019-02-14 02:47:14', '2019-02-14 02:47:14'),
(4, 'XYZ Company', 'Maitidevi', '2019-02-28 04:42:00', '2019-02-28 04:42:00');

-- --------------------------------------------------------

--
-- Table structure for table `targets`
--

CREATE TABLE `targets` (
  `id` int(10) UNSIGNED NOT NULL,
  `name` varchar(100) COLLATE utf8mb4_unicode_ci DEFAULT NULL,
  `description` varchar(191) COLLATE utf8mb4_unicode_ci DEFAULT NULL,
  `created_at` timestamp NULL DEFAULT NULL,
  `updated_at` timestamp NULL DEFAULT NULL
) ENGINE=InnoDB DEFAULT CHARSET=utf8mb4 COLLATE=utf8mb4_unicode_ci;

--
-- Dumping data for table `targets`
--

INSERT INTO `targets` (`id`, `name`, `description`, `created_at`, `updated_at`) VALUES
(1, 'Daily', 'Daily visits by Marketing manager, boy, or officers.', '2018-09-14 05:47:19', '2018-09-14 05:47:19'),
(2, 'Weekly', 'Weekly visits by Marketing manager, boy, or officers.', '2018-09-14 05:47:19', '2018-09-14 05:47:19'),
(3, 'Quarterly', 'Quarterly visits by Marketing manager, boy, or officers.', '2018-09-14 05:47:19', '2018-09-14 05:47:19'),
(4, 'Monthly', 'Monthly visits by Marketing manager, boy, or officers.', '2018-09-14 05:47:19', '2018-09-14 05:47:19');

-- --------------------------------------------------------

--
-- Table structure for table `tickets`
--

CREATE TABLE `tickets` (
  `id` bigint(20) UNSIGNED NOT NULL,
  `subject` varchar(191) COLLATE utf8mb4_unicode_ci NOT NULL,
  `description` text COLLATE utf8mb4_unicode_ci NOT NULL,
  `status_id` int(10) UNSIGNED NOT NULL,
  `priority_id` int(10) UNSIGNED NOT NULL,
  `user_id` int(10) UNSIGNED NOT NULL,
  `agent_id` int(10) UNSIGNED NOT NULL,
  `category_id` int(10) UNSIGNED NOT NULL,
  `completed_at` datetime DEFAULT NULL,
  `created_at` timestamp NULL DEFAULT NULL,
  `updated_at` timestamp NULL DEFAULT NULL
) ENGINE=InnoDB DEFAULT CHARSET=utf8mb4 COLLATE=utf8mb4_unicode_ci;

--
-- Dumping data for table `tickets`
--

INSERT INTO `tickets` (`id`, `subject`, `description`, `status_id`, `priority_id`, `user_id`, `agent_id`, `category_id`, `completed_at`, `created_at`, `updated_at`) VALUES
(1, 'Internet', '<p>Internet description</p>', 2, 2, 1, 52, 2, '2020-02-07 16:58:30', '2020-02-07 05:00:36', '2020-02-07 11:13:30'),
(2, 'Internet 2', '<p>Internet 2 description</p>', 2, 2, 1, 53, 2, '2020-02-07 16:58:35', '2020-02-07 09:55:19', '2020-02-07 11:15:42'),
(3, 'Internet 3', '<p>Internet description</p>', 2, 2, 1, 52, 2, '2020-02-07 17:06:20', '2020-02-07 09:55:47', '2020-02-07 11:21:20'),
(4, 'Internet 4', '<p>Internet 4 description&nbsp;</p>', 1, 2, 1, 1, 2, NULL, '2020-02-07 09:56:12', '2020-02-07 11:44:18'),
(5, 'Test', '<p>This is the test</p>', 1, 1, 1, 52, 1, NULL, '2020-02-07 11:17:58', '2020-02-07 11:17:58'),
(6, 'Test 2', '<p>This ticket is second ticket</p>', 1, 3, 1, 53, 2, NULL, '2020-02-07 11:19:05', '2020-02-07 11:19:05'),
(7, 'test 3', '<p>this is to test is the given description goes to piechart or not.</p>', 2, 2, 1, 52, 1, '2020-02-07 17:20:32', '2020-02-07 11:20:10', '2020-02-07 11:35:32'),
(8, 'Problem1', '<p>i got a problem in my billls. Please replay asap.</p>', 1, 3, 50, 52, 2, NULL, '2020-02-07 11:26:57', '2020-02-07 11:26:57'),
(9, 'Problem 2', '<p>I encounter technical problem please help</p>', 1, 2, 50, 53, 1, NULL, '2020-02-07 11:28:07', '2020-02-07 11:28:07'),
(10, 'Problem 1', '<p>This is the problem in my account.</p>', 2, 2, 47, 53, 3, NULL, '2020-02-07 11:31:25', '2020-02-07 11:32:43'),
(11, 'Problem 4', '<p>this is the test problem&nbsp;</p>', 1, 3, 47, 53, 3, NULL, '2020-02-07 11:31:39', '2020-02-10 11:19:19'),
(12, 'ticket by agent one', '<p>this is a ticket by agent one.</p>', 2, 1, 52, 52, 1, '2020-02-07 17:27:18', '2020-02-07 11:41:51', '2020-02-07 11:42:18'),
(15, 'Query by Namin', '<p>Description</p>', 1, 2, 51, 52, 2, NULL, '2020-02-10 11:21:06', '2020-02-10 11:21:34');

-- --------------------------------------------------------

--
-- Table structure for table `ticket_categories`
--

CREATE TABLE `ticket_categories` (
  `id` int(10) UNSIGNED NOT NULL,
  `name` varchar(191) COLLATE utf8mb4_unicode_ci NOT NULL,
  `color` varchar(191) COLLATE utf8mb4_unicode_ci NOT NULL,
  `created_at` timestamp NULL DEFAULT NULL,
  `updated_at` timestamp NULL DEFAULT NULL
) ENGINE=InnoDB DEFAULT CHARSET=utf8mb4 COLLATE=utf8mb4_unicode_ci;

--
-- Dumping data for table `ticket_categories`
--

INSERT INTO `ticket_categories` (`id`, `name`, `color`, `created_at`, `updated_at`) VALUES
(1, 'Technical', '#400000', '2020-02-03 11:11:22', '2020-02-07 11:10:50'),
(2, 'Billing', '#400080', '2020-02-03 11:11:33', '2020-02-07 11:11:01'),
(3, 'Customer Service', '#000080', '2020-02-03 11:11:53', '2020-02-07 11:11:10');

-- --------------------------------------------------------

--
-- Table structure for table `ticket_comments`
--

CREATE TABLE `ticket_comments` (
  `id` bigint(20) UNSIGNED NOT NULL,
  `content` text COLLATE utf8mb4_unicode_ci NOT NULL,
  `user_id` int(10) UNSIGNED NOT NULL,
  `ticket_id` bigint(20) UNSIGNED NOT NULL,
  `created_at` timestamp NULL DEFAULT NULL,
  `updated_at` timestamp NULL DEFAULT NULL
) ENGINE=InnoDB DEFAULT CHARSET=utf8mb4 COLLATE=utf8mb4_unicode_ci;

--
-- Dumping data for table `ticket_comments`
--

INSERT INTO `ticket_comments` (`id`, `content`, `user_id`, `ticket_id`, `created_at`, `updated_at`) VALUES
(1, '<p>this is first comment</p>', 1, 2, '2020-02-07 11:11:48', '2020-02-07 11:11:48'),
(2, '<p>this is second reply</p>\r\n\r\n<p>&nbsp;</p>', 1, 2, '2020-02-07 11:12:04', '2020-02-07 11:12:04'),
(3, '<p>It was mistaken. So i reopened</p>', 1, 1, '2020-02-07 11:12:35', '2020-02-07 11:12:35'),
(4, '<p>Holy shit !</p>\r\n\r\n<p>&nbsp;</p>', 47, 10, '2020-02-07 11:32:43', '2020-02-07 11:32:43'),
(5, '<p>you are solved</p>', 1, 7, '2020-02-07 11:35:29', '2020-02-07 11:35:29'),
(6, '<p>i commented on my self</p>', 52, 12, '2020-02-07 11:42:13', '2020-02-07 11:42:13'),
(7, '<p>hy</p>', 51, 15, '2020-02-10 11:21:34', '2020-02-10 11:21:34');

-- --------------------------------------------------------

--
-- Table structure for table `ticket_priorities`
--

CREATE TABLE `ticket_priorities` (
  `id` int(10) UNSIGNED NOT NULL,
  `name` varchar(191) COLLATE utf8mb4_unicode_ci NOT NULL,
  `color` varchar(191) COLLATE utf8mb4_unicode_ci NOT NULL,
  `created_at` timestamp NULL DEFAULT NULL,
  `updated_at` timestamp NULL DEFAULT NULL
) ENGINE=InnoDB DEFAULT CHARSET=utf8mb4 COLLATE=utf8mb4_unicode_ci;

--
-- Dumping data for table `ticket_priorities`
--

INSERT INTO `ticket_priorities` (`id`, `name`, `color`, `created_at`, `updated_at`) VALUES
(1, 'Low', '#400080', '2020-02-03 11:10:18', '2020-02-07 11:10:31'),
(2, 'Normal', '#8000ff', '2020-02-03 11:10:31', '2020-02-10 05:12:02'),
(3, 'Critical', '#ff0000', '2020-02-03 11:10:43', '2020-02-07 11:10:18');

-- --------------------------------------------------------

--
-- Table structure for table `ticket_statuses`
--

CREATE TABLE `ticket_statuses` (
  `id` int(10) UNSIGNED NOT NULL,
  `name` varchar(191) COLLATE utf8mb4_unicode_ci NOT NULL,
  `display_name` varchar(191) COLLATE utf8mb4_unicode_ci NOT NULL,
  `color` varchar(191) COLLATE utf8mb4_unicode_ci NOT NULL,
  `created_at` timestamp NULL DEFAULT NULL,
  `updated_at` timestamp NULL DEFAULT NULL
) ENGINE=InnoDB DEFAULT CHARSET=utf8mb4 COLLATE=utf8mb4_unicode_ci;

--
-- Dumping data for table `ticket_statuses`
--

INSERT INTO `ticket_statuses` (`id`, `name`, `display_name`, `color`, `created_at`, `updated_at`) VALUES
(1, 'pending', 'Pending', '#ff0000', '2020-02-02 06:59:23', '2020-02-07 11:09:36'),
(2, 'solved', 'Solved', '#ff0080', '2020-02-04 18:15:00', '2020-02-10 05:11:35');

-- --------------------------------------------------------

--
-- Table structure for table `timely_notifications`
--

CREATE TABLE `timely_notifications` (
  `id` bigint(20) UNSIGNED NOT NULL,
  `company_id` bigint(20) NOT NULL,
  `sales_transaction_id` bigint(20) DEFAULT NULL,
  `sales_transaction_item_id` bigint(20) NOT NULL,
  `service_id` int(11) NOT NULL,
  `information` varchar(191) COLLATE utf8mb4_unicode_ci NOT NULL,
  `remaining_days` int(11) NOT NULL,
  `expiration_date` date NOT NULL,
  `updated_expiration_date` date DEFAULT NULL,
  `successfully_sent` tinyint(1) NOT NULL,
  `seen` tinyint(1) NOT NULL,
  `task_done` tinyint(1) NOT NULL DEFAULT '0',
  `created_at` timestamp NULL DEFAULT NULL,
  `updated_at` timestamp NULL DEFAULT NULL
) ENGINE=InnoDB DEFAULT CHARSET=utf8mb4 COLLATE=utf8mb4_unicode_ci;

--
-- Dumping data for table `timely_notifications`
--

INSERT INTO `timely_notifications` (`id`, `company_id`, `sales_transaction_id`, `sales_transaction_item_id`, `service_id`, `information`, `remaining_days`, `expiration_date`, `updated_expiration_date`, `successfully_sent`, `seen`, `task_done`, `created_at`, `updated_at`) VALUES
(1, 117, NULL, 8, 8, 'www.ultrabyteit.com', 1, '2019-07-02', NULL, 1, 1, 0, '2019-06-18 11:16:42', '2019-10-23 07:03:25'),
(2, 117, 2, 8, 8, 'www.ultrabyteit.com', 1, '2019-07-08', '2020-06-20', 1, 0, 0, '2019-06-18 11:17:09', '2019-07-08 06:38:38'),
(3, 117, NULL, 8, 8, 'www.ultrabyteit.com', 1, '2019-07-17', NULL, 1, 1, 0, '2019-06-18 11:17:15', '2019-07-08 06:34:52'),
(4, 117, 1, 2, 2, 'gold-package', 1, '2019-12-24', NULL, 1, 0, 0, '2019-12-23 09:00:11', '2019-12-23 09:00:11'),
(5, 117, 1, 2, 2, 'gold-package', 1, '2019-12-24', NULL, 1, 0, 0, '2019-12-23 09:00:14', '2019-12-23 09:00:14'),
(6, 117, 1, 2, 2, 'gold-package', 1, '2019-12-24', NULL, 1, 0, 0, '2019-12-23 09:00:17', '2019-12-23 09:00:17'),
(7, 117, 1, 13, 13, 'www.ubmis.ultrabyteit.com', 2, '2019-12-25', NULL, 1, 0, 0, '2019-12-23 09:00:19', '2019-12-23 09:00:19'),
(8, 117, 1, 13, 13, 'www.ubmis.ultrabyteit.com', 2, '2019-12-25', NULL, 1, 0, 0, '2019-12-23 09:00:22', '2019-12-23 09:00:22'),
(9, 117, 1, 13, 13, 'www.ubmis.ultrabyteit.com', 2, '2019-12-25', NULL, 1, 0, 0, '2019-12-23 09:00:25', '2019-12-23 09:00:25'),
(10, 117, 1, 2, 2, 'gold-package', 1, '2019-12-24', NULL, 1, 0, 0, '2019-12-23 09:03:23', '2019-12-23 09:03:23'),
(11, 117, 1, 2, 2, 'gold-package', 1, '2019-12-24', NULL, 1, 0, 0, '2019-12-23 09:03:26', '2019-12-23 09:03:26'),
(12, 117, 1, 2, 2, 'gold-package', 1, '2019-12-24', NULL, 1, 0, 0, '2019-12-23 09:03:29', '2019-12-23 09:03:29'),
(13, 117, 1, 13, 13, 'www.ubmis.ultrabyteit.com', 2, '2019-12-25', NULL, 1, 0, 0, '2019-12-23 09:03:32', '2019-12-23 09:03:32'),
(14, 117, 1, 13, 13, 'www.ubmis.ultrabyteit.com', 2, '2019-12-25', NULL, 1, 0, 0, '2019-12-23 09:03:35', '2019-12-23 09:03:35'),
(15, 117, 1, 13, 13, 'www.ubmis.ultrabyteit.com', 2, '2019-12-25', NULL, 1, 0, 0, '2019-12-23 09:03:37', '2019-12-23 09:03:37'),
(16, 117, 1, 13, 13, 'www.ubmis.ultrabyteit.com', 1, '2019-12-25', NULL, 1, 0, 0, '2019-12-24 08:00:19', '2019-12-24 08:00:19'),
(17, 117, 1, 13, 13, 'www.ubmis.ultrabyteit.com', 1, '2019-12-25', NULL, 1, 0, 0, '2019-12-24 08:00:22', '2019-12-24 08:00:22'),
(18, 117, 1, 13, 13, 'www.ubmis.ultrabyteit.com', 1, '2019-12-25', NULL, 1, 0, 0, '2019-12-24 08:00:25', '2019-12-24 08:00:25'),
(19, 8, 3, 14, 14, 'information1', 1, '2019-12-31', NULL, 1, 0, 0, '2019-12-30 05:40:04', '2019-12-30 05:40:04'),
(20, 8, 3, 14, 14, 'information1', 1, '2019-12-31', NULL, 1, 0, 0, '2019-12-30 05:40:07', '2019-12-30 05:40:07'),
(21, 8, 3, 14, 14, 'information1', 1, '2019-12-31', NULL, 1, 0, 0, '2019-12-30 05:40:10', '2019-12-30 05:40:10'),
(22, 8, 3, 14, 14, 'information1', 1, '2019-12-31', NULL, 1, 0, 0, '2019-12-30 05:42:49', '2019-12-30 05:42:49'),
(23, 8, 3, 14, 14, 'information1', 1, '2019-12-31', NULL, 1, 0, 0, '2019-12-30 05:42:52', '2019-12-30 05:42:52'),
(24, 8, 3, 14, 14, 'information1', 1, '2019-12-31', NULL, 1, 0, 0, '2019-12-30 05:42:55', '2019-12-30 05:42:55'),
(25, 117, 2, 8, 8, 'www.ultrabyteit.com', 1, '2020-01-01', NULL, 1, 0, 0, '2019-12-31 07:27:06', '2019-12-31 07:27:06'),
(26, 117, 2, 8, 8, 'www.ultrabyteit.com', 1, '2020-01-01', NULL, 1, 0, 0, '2019-12-31 07:27:09', '2019-12-31 07:27:09'),
(27, 117, 2, 8, 8, 'www.ultrabyteit.com', 1, '2020-01-01', NULL, 1, 0, 0, '2019-12-31 07:27:12', '2019-12-31 07:27:12'),
(28, 117, 2, 8, 8, 'www.ultrabyteit.com', 1, '2020-01-01', NULL, 1, 0, 0, '2019-12-31 07:27:49', '2019-12-31 07:27:49'),
(29, 117, 2, 8, 8, 'www.ultrabyteit.com', 1, '2020-01-01', NULL, 1, 0, 0, '2019-12-31 07:27:52', '2019-12-31 07:27:52'),
(30, 117, 2, 8, 8, 'www.ultrabyteit.com', 1, '2020-01-01', NULL, 1, 0, 0, '2019-12-31 07:27:55', '2019-12-31 07:27:55'),
(31, 117, 2, 8, 8, 'www.ultrabyteit.com', 1, '2020-01-01', NULL, 1, 0, 0, '2019-12-31 09:52:03', '2019-12-31 09:52:03'),
(32, 117, 2, 8, 8, 'www.ultrabyteit.com', 1, '2020-01-01', NULL, 1, 0, 0, '2019-12-31 09:52:05', '2019-12-31 09:52:05'),
(33, 117, 2, 8, 8, 'www.ultrabyteit.com', 1, '2020-01-01', NULL, 1, 0, 0, '2019-12-31 09:52:08', '2019-12-31 09:52:08');

-- --------------------------------------------------------

--
-- Table structure for table `users`
--

CREATE TABLE `users` (
  `id` int(10) UNSIGNED NOT NULL,
  `company_id` int(11) DEFAULT NULL,
  `project_taken_user` int(11) DEFAULT NULL,
  `first_name` varchar(191) COLLATE utf8mb4_unicode_ci DEFAULT NULL,
  `last_name` varchar(191) COLLATE utf8mb4_unicode_ci DEFAULT NULL,
  `email` varchar(191) COLLATE utf8mb4_unicode_ci DEFAULT NULL,
  `password` varchar(191) COLLATE utf8mb4_unicode_ci DEFAULT NULL,
  `remember_token` varchar(191) COLLATE utf8mb4_unicode_ci DEFAULT NULL,
  `created_at` timestamp NULL DEFAULT NULL,
  `updated_at` timestamp NULL DEFAULT NULL
) ENGINE=InnoDB DEFAULT CHARSET=utf8mb4 COLLATE=utf8mb4_unicode_ci;

--
-- Dumping data for table `users`
--

INSERT INTO `users` (`id`, `company_id`, `project_taken_user`, `first_name`, `last_name`, `email`, `password`, `remember_token`, `created_at`, `updated_at`) VALUES
(1, NULL, NULL, 'Ultrabyte', 'Admin', 'info@ultrabyte.com', '$2y$10$AB9PCBixit8ijSAnHu5jzOOxL/Xj.NpfO74WKhAs.R0ILbgrSZnLi', 'W0Wr6g4aVRWLkyWcHPBJeqD5yTY1Pf8i6ydDNRILS0zxlaNOXjcmTcOFxOai', '2018-09-14 05:47:19', '2018-09-14 05:47:19'),
(2, NULL, NULL, 'Marketing', 'Manager', 'marketing.manager@ultrabyte.com', '$2y$10$yINCt.v5n.F02HyFv0kO/ue998IqmvwPoJUoaoDw5kEok3AO61QLK', 'h5AJMc4DUer5fHon6cXkxIZvmMMTn2JFWIk9bPd5dG9mmE0z13pDONGHhByM', '2018-09-14 05:47:19', '2019-03-07 04:35:01'),
(3, NULL, NULL, 'Marketing', 'Officer', 'marketingofficer@gmail.com', '$2y$10$vVd6D6nT4cAdYfMppMOe0.MFIUppPdsATVDK4OG/ICnZ90wiZiCu6', 'C9rlWvkAzwrs3wB3gQ1ugPjHrzpLe1p3xPjGrjwaTAGM6Y4lbwwI8SXQa0Bq', '2018-09-14 05:47:19', '2019-03-01 05:01:06'),
(4, NULL, NULL, 'Marketing', 'Boy', 'marketing.boy@ultrabyte.com', '$2y$10$9swYXMNsqLKNxmd.ZwvORe.MENJh2cA3z/bBXjyr/cgD/Er/KtO2.', 'vy87X6JVWPz0xxV4mykRo6vYXVqdYtyK43Z8I2tn4CuGQi6mYKgJIGbxifJx', '2018-09-14 05:47:19', '2019-03-07 04:33:39'),
(6, NULL, NULL, 'Amit', 'Dahal', 'amitkumar.dahal@gmail.com', '$2y$10$3S67pT28SCTEK.yPouXE3Oo52MiOigPdtvE41JAIhy.YEaCq/7Db2', '8zRwp4oWcYQqo7qhKMtgK10p4iaWkheWKPlW8o4a0IKdOtkGtyMIikQj9Spg', '2018-09-17 11:36:13', '2019-02-28 04:58:27'),
(8, NULL, NULL, 'Mandira', 'Bhattarai', 'bhattaraimandira3@gmail.com', '$2y$10$oSxizd/hPygpBKeaQZXk/Os7dnlfzvj227PXD1tlEmOyg96FXYYFy', 'Si60dmjkARkwjhm2tA0aYMOlBbFgeD5s3FcEvKQ6pT86YAMxWYKJlUzdbxGT', '2018-09-20 09:32:09', '2019-02-28 09:16:30'),
(9, NULL, NULL, 'User', 'Name', 'nameen01701@gmail.com', '$2y$10$LvSG3BFK5jEMG2.sDHwtH.eYZoluS9xBKTfjPLhKfprqzZP2jxKTG', 'i21Vvrj3kbKOD1onrclnvcIOi1NhjUTyUxJwEpThJ6Cu5893p9Pi14NVo0xs', '2019-01-27 04:44:41', '2019-04-15 10:01:40'),
(10, NULL, NULL, 'Bnay', 'Shrestha', 'bnay@gmail.com', '$2y$10$rGjAAPiEqtjXGhntFCfm7.iyoVWn2D2Djh3.gs0w8cd7XbPiTziN.', '0lB6eEuycmiSCFUWInkq4qbfSPUv0nSYLn39QypMZQ6sLSrWqEMEGcIfjsbc', '2019-01-27 22:08:41', '2019-03-06 10:20:42'),
(11, NULL, NULL, 'Sanam', 'Maharzan', 'sanam@gmail.com', '$2y$10$ev3jpzu33h4arXfaS2hHEOQ7PanSPhN4gHM7yvcMuLq2Z2CnWQePe', '8lZw3rFjc4FQtJhc41pqxwiri8phpluA6dT5cLJLLrbwEg1a3KPYxmU9CENx', '2019-01-27 22:09:10', '2019-01-27 22:21:36'),
(12, NULL, NULL, 'Birzu', 'Malla Thakuri', 'birzu@gmail.com', '$2y$10$hEzsTXxRTDZiwtbQT0HwO./sr9TJQAw5onSFzvF5bE06R0alYYymS', 'YzZ7fIhPLdkl5kmNAAqAyxKKopNB2BljIdtQFizrC9Ja9k9u1avwbYEPDeiQ', '2019-01-27 22:09:39', '2019-01-27 22:22:34'),
(13, NULL, NULL, 'Bijendra', 'Lal Dangol', 'bijendra@gmail.com', '$2y$10$NddTEceGyWFoGe6/w4MxZelkkYJWtWQA5TvKl18wu1x3yguzoD/66', 'Bfe9lNbufvoA2VMPrgpBmFVt5IdQQOGzKVmzHH2FDpjjBL4T8I48hoeyXCNC', '2019-01-27 22:10:21', '2019-01-27 22:24:00'),
(14, NULL, NULL, 'Mandip', 'Devkota', 'mandip@gmail.com', '$2y$10$SNc7EQBpvPfzGTrBlx3rYufE9h/Fjx9GJchoSsiQp/EjJZ8Mg5g4O', 'f2HrBDoxnioZOvEFycRXGLouBgHmMpFEErBidarGeR5xyQ7lquuxe81D5fGy', '2019-01-27 22:10:55', '2019-01-27 22:25:16'),
(15, NULL, NULL, 'Firoz', 'Lama', 'firoz@gmail.com', '$2y$10$AB9PCBixit8ijSAnHu5jzOOxL/Xj.NpfO74WKhAs.R0ILbgrSZnLi', 'LlpJwmo3yKhyG79wpeuVX6ANetebGlDmTYrhk6qCHnxGw9f7knEWejMH1a8m', '2019-01-27 22:11:21', '2019-01-27 22:48:41'),
(22, NULL, 2, 'Supporter', 'Name', 'supporter@gmail.com', '$2y$10$8D3xcFNRxsiLwmeWIEJaVex.RFcX5WuJI8/QsvMpPcQ7l6sB37t6S', 'ZKVTpeRmz7Z86yksN8W4RXQ27eA7Dbksv4iYEYuGvFQEA7J0SIpTzotxkQ7z', '2019-02-21 09:07:56', '2019-02-21 10:26:18'),
(30, NULL, NULL, 'Anonymous', NULL, 'anonymous@gmail.com', '$2y$10$aG9OuQcQH7Du.oNCzzrVF.Vr3lNUNCryNQocQSFTceB71b2hqDLQy', NULL, '2019-02-28 05:01:08', '2019-02-28 05:01:08'),
(44, 9, NULL, 'Dewan', 'consultants pvt.ltd', 'nameen01701@gmail.com', '$2y$10$AB9PCBixit8ijSAnHu5jzOOxL/Xj.NpfO74WKhAs.R0ILbgrSZnLi', 'qMppvF32eXVNn0PbAnv639rd1IMSP5ioFpV7h39W6b4Wv0z8Ji4m3AWYUWeE', '2019-03-27 06:50:15', '2019-05-14 05:56:23'),
(47, 116, NULL, 'ABCXYZ', 'Office', 'namudan20121@gmail.com', '$2y$10$AB9PCBixit8ijSAnHu5jzOOxL/Xj.NpfO74WKhAs.R0ILbgrSZnLi', '2pmtRDJ74MbPqcezBrNeqFqBzxeAbV6FirvGzor20mHPtYPRAbUbjNpQPEhH', '2019-06-05 10:53:26', '2019-06-23 10:13:42'),
(48, 117, NULL, 'Namin\'s', 'Company', 'nameen01701@gmail.com', '$2y$10$AB9PCBixit8ijSAnHu5jzOOxL/Xj.NpfO74WKhAs.R0ILbgrSZnLi', '3keanwTlaZyH4y5zRXI8T2ABY7Ip5umVn5pGk5ZRzbyG0FT0HzR8l8Bpga0l', '2019-06-12 08:40:28', '2019-06-12 08:40:28'),
(49, NULL, NULL, 'Namin', 'Dangol', 'namudan2012@gmail.com', '$2y$10$.r5DwbI0y7vd0pXOS9ocZOP3qeReSK9C3EwSY.s/7/IpyQtQ7qC5u', 'CvhIJzYLQi0LQqome9MOw6QIqcBZXQhmvW3QShl0VPEz6K3vZjIg23fkoL3H', '2019-06-23 10:12:40', '2019-06-23 10:12:40'),
(50, 8, NULL, 'Longwood', 'Int\'l Education Network pvt. ltd', '9851147431a@gmail.com', '$2y$10$AB9PCBixit8ijSAnHu5jzOOxL/Xj.NpfO74WKhAs.R0ILbgrSZnLi', 'Aoao6YFXy3c9cIvUVfQqHmRhWOXBK1xYcGmMqn8F3Hcijnj9wpcl9De2HPe9', '2019-10-23 06:55:32', '2019-10-23 06:55:32'),
(51, 123, NULL, 'ABCXYZ123', NULL, 'nameen017@gmail.com', '$2y$10$AB9PCBixit8ijSAnHu5jzOOxL/Xj.NpfO74WKhAs.R0ILbgrSZnLi', 'v1cTUOuba4LLOyicTddiGuNVDrnV51unEiNx4F7DfwJseOJF9y3ZlvSQY2AC', '2020-01-24 12:15:04', '2020-01-24 12:15:04'),
(52, NULL, NULL, 'agent', 'one', 'agent1@example.com', '$2y$10$AB9PCBixit8ijSAnHu5jzOOxL/Xj.NpfO74WKhAs.R0ILbgrSZnLi', 'IeoX10wq1p6FuQo0XT35fbuwkJeYeZhLC8wYPMiOHOF8q4kH7eVG7N2sgdIs', '2020-02-03 09:58:06', '2020-02-03 09:58:06'),
(53, NULL, NULL, 'Rohit', 'Tamang', 'rohit@gmail.com', '$2y$10$AB9PCBixit8ijSAnHu5jzOOxL/Xj.NpfO74WKhAs.R0ILbgrSZnLi', 'cdEjE5ZhCT75mkoW2hGraTbyhcreWS3zf97vTkPpCjc9rWOJ1YKbQj5ilkbB', '2020-02-03 11:56:42', '2020-02-03 11:56:42');

-- --------------------------------------------------------

--
-- Table structure for table `user_sales`
--

CREATE TABLE `user_sales` (
  `id` int(10) UNSIGNED NOT NULL,
  `user_id` int(10) UNSIGNED NOT NULL,
  `target_id` int(10) UNSIGNED NOT NULL,
  `total_sales` bigint(20) DEFAULT NULL,
  `created_by` varchar(191) COLLATE utf8mb4_unicode_ci DEFAULT NULL,
  `created_at` timestamp NULL DEFAULT NULL,
  `updated_at` timestamp NULL DEFAULT NULL
) ENGINE=InnoDB DEFAULT CHARSET=utf8mb4 COLLATE=utf8mb4_unicode_ci;

--
-- Dumping data for table `user_sales`
--

INSERT INTO `user_sales` (`id`, `user_id`, `target_id`, `total_sales`, `created_by`, `created_at`, `updated_at`) VALUES
(1, 3, 1, 80, 'Namin Dangol', '2019-01-27 22:15:20', '2019-01-27 22:17:15'),
(3, 8, 1, 50, 'Namin Dangol', '2019-01-27 23:14:58', '2019-01-27 23:15:23');

-- --------------------------------------------------------

--
-- Table structure for table `user_targets`
--

CREATE TABLE `user_targets` (
  `id` int(10) UNSIGNED NOT NULL,
  `user_id` int(10) UNSIGNED NOT NULL,
  `target_id` int(10) UNSIGNED NOT NULL,
  `total_target` bigint(20) DEFAULT NULL,
  `created_by` varchar(191) COLLATE utf8mb4_unicode_ci DEFAULT NULL,
  `created_at` timestamp NULL DEFAULT NULL,
  `updated_at` timestamp NULL DEFAULT NULL
) ENGINE=InnoDB DEFAULT CHARSET=utf8mb4 COLLATE=utf8mb4_unicode_ci;

--
-- Dumping data for table `user_targets`
--

INSERT INTO `user_targets` (`id`, `user_id`, `target_id`, `total_target`, `created_by`, `created_at`, `updated_at`) VALUES
(9, 8, 1, 10, 'Ultrabyte Admin', '2018-09-25 04:47:25', '2018-09-25 04:47:25'),
(10, 8, 2, 80, 'Ultrabyte Admin', '2018-09-25 04:47:58', '2018-09-25 04:47:58'),
(11, 6, 1, 10, 'Ultrabyte Admin', '2018-10-02 04:23:09', '2018-10-02 04:23:09'),
(12, 6, 2, 80, 'Ultrabyte Admin', '2018-10-02 04:23:21', '2018-10-02 04:23:21'),
(13, 3, 1, 90, 'Ultrabyte Admin', '2019-01-27 02:57:16', '2019-01-27 02:57:16'),
(15, 10, 1, 50, 'Ultrabyte Admin', '2019-01-28 00:23:55', '2019-01-28 00:23:55'),
(16, 10, 4, 500, 'Ultrabyte Admin', '2019-01-28 00:24:33', '2019-01-28 00:24:33'),
(17, 17, 1, 10, 'Ultrabyte Admin', '2019-02-13 05:27:01', '2019-02-13 05:27:01'),
(18, 21, 1, 5, 'Ultrabyte Admin', '2019-02-28 10:02:48', '2019-02-28 10:02:48'),
(19, 4, 1, 10, 'Ultrabyte Admin', '2019-03-07 04:34:23', '2019-03-07 04:34:23'),
(20, 43, 1, 5, 'Ultrabyte Admin', '2019-03-27 06:25:35', '2019-03-27 06:25:35');

-- --------------------------------------------------------

--
-- Table structure for table `visit_categories`
--

CREATE TABLE `visit_categories` (
  `id` int(10) UNSIGNED NOT NULL,
  `name` varchar(191) COLLATE utf8mb4_unicode_ci DEFAULT NULL,
  `description` varchar(191) COLLATE utf8mb4_unicode_ci DEFAULT NULL,
  `created_by` int(10) UNSIGNED NOT NULL,
  `created_at` timestamp NULL DEFAULT NULL,
  `updated_at` timestamp NULL DEFAULT NULL
) ENGINE=InnoDB DEFAULT CHARSET=utf8mb4 COLLATE=utf8mb4_unicode_ci;

--
-- Dumping data for table `visit_categories`
--

INSERT INTO `visit_categories` (`id`, `name`, `description`, `created_by`, `created_at`, `updated_at`) VALUES
(1, 'School/Colleges', 'visits by Marketing manager, boy, or officers to school/Colleges', 1, '2018-09-14 05:47:19', '2019-03-05 06:13:20'),
(2, 'NGOs/INGOs', 'visits by Marketing manager, boy, or officers to NGOs/INGOs', 1, '2018-09-14 05:47:19', '2018-09-14 05:47:19'),
(3, 'Manpower', 'visits by Marketing manager, boy, or officers to Manpower', 1, '2018-09-14 05:47:19', '2018-09-14 05:47:19'),
(4, 'Hospital', 'visits by Marketing manager, boy, or officers to Hospital', 2, '2018-09-14 05:47:19', '2018-09-14 05:47:19'),
(5, 'Spa', 'visits by Marketing manager, boy, or officers to Spa', 2, '2018-09-14 05:47:19', '2018-09-14 05:47:19'),
(6, 'E-commerce', 'visits by Marketing manager, boy, or officers to E-commerce', 2, '2018-09-14 05:47:19', '2018-09-14 05:47:19'),
(7, 'Travels & Tours', 'visits by Marketing manager, boy, or officers to Travels & Tours', 2, '2018-09-14 05:47:19', '2018-09-14 05:47:19'),
(8, 'Consultancy', 'visits by Marketing manager, boy, or officers to consultancy', 2, '2018-09-14 05:47:19', '2018-09-14 05:47:19'),
(9, 'Others', 'visits by Marketing manager, boy, or officers to others.', 1, '2018-09-25 04:19:21', '2018-09-25 06:13:12'),
(10, 'Hotel & Restaurant', 'visits by Marketing manager, boy, or officers to Hotel & Restaurant', 1, '2019-03-05 05:12:32', '2019-03-05 05:12:32');

--
-- Indexes for dumped tables
--

--
-- Indexes for table `amc_packages`
--
ALTER TABLE `amc_packages`
  ADD PRIMARY KEY (`id`);

--
-- Indexes for table `client_follow_ups`
--
ALTER TABLE `client_follow_ups`
  ADD PRIMARY KEY (`id`);

--
-- Indexes for table `client_follow_up_by_admin`
--
ALTER TABLE `client_follow_up_by_admin`
  ADD PRIMARY KEY (`id`);

--
-- Indexes for table `companies`
--
ALTER TABLE `companies`
  ADD PRIMARY KEY (`id`);

--
-- Indexes for table `contact_numbers`
--
ALTER TABLE `contact_numbers`
  ADD PRIMARY KEY (`id`);

--
-- Indexes for table `emails`
--
ALTER TABLE `emails`
  ADD PRIMARY KEY (`id`);

--
-- Indexes for table `employee_details`
--
ALTER TABLE `employee_details`
  ADD PRIMARY KEY (`id`);

--
-- Indexes for table `field_visitors`
--
ALTER TABLE `field_visitors`
  ADD PRIMARY KEY (`id`),
  ADD KEY `fk_field_visitors_field_visits1_idx` (`field_visit_id`);

--
-- Indexes for table `field_visits`
--
ALTER TABLE `field_visits`
  ADD PRIMARY KEY (`id`),
  ADD KEY `field_visits_assigned_by_foreign` (`assigned_by`),
  ADD KEY `field_visits_assigned_to_foreign` (`assigned_to`),
  ADD KEY `field_visits_user_id_foreign` (`user_id`),
  ADD KEY `field_visits_targets_id_foreign` (`targets_id`),
  ADD KEY `field_visits_visit_category_id_foreign` (`visit_category_id`),
  ADD KEY `field_visits_company_id_foreign` (`company_id`);

--
-- Indexes for table `field_visit_contacts`
--
ALTER TABLE `field_visit_contacts`
  ADD PRIMARY KEY (`id`),
  ADD KEY `field_visit_contacts_field_visit_id_foreign` (`field_visit_id`);

--
-- Indexes for table `invoices`
--
ALTER TABLE `invoices`
  ADD PRIMARY KEY (`id`);

--
-- Indexes for table `invoice_items`
--
ALTER TABLE `invoice_items`
  ADD PRIMARY KEY (`id`),
  ADD KEY `invoice_items_invoice_id_foreign` (`invoice_id`);

--
-- Indexes for table `invoice_item_amounts`
--
ALTER TABLE `invoice_item_amounts`
  ADD PRIMARY KEY (`id`),
  ADD KEY `invoice_item_amounts_invoice_item_id_foreign` (`invoice_item_id`);

--
-- Indexes for table `migrations`
--
ALTER TABLE `migrations`
  ADD PRIMARY KEY (`id`);

--
-- Indexes for table `password_resets`
--
ALTER TABLE `password_resets`
  ADD KEY `password_resets_email_index` (`email`);

--
-- Indexes for table `payment_methods`
--
ALTER TABLE `payment_methods`
  ADD PRIMARY KEY (`id`);

--
-- Indexes for table `permissions`
--
ALTER TABLE `permissions`
  ADD PRIMARY KEY (`id`),
  ADD UNIQUE KEY `permissions_name_unique` (`name`);

--
-- Indexes for table `permission_role`
--
ALTER TABLE `permission_role`
  ADD PRIMARY KEY (`permission_id`,`role_id`),
  ADD KEY `permission_role_role_id_foreign` (`role_id`);

--
-- Indexes for table `project_referred_relationships`
--
ALTER TABLE `project_referred_relationships`
  ADD PRIMARY KEY (`id`);

--
-- Indexes for table `purchase_installment_payments`
--
ALTER TABLE `purchase_installment_payments`
  ADD PRIMARY KEY (`id`),
  ADD KEY `purchase_installment_payments_purchase_transaction_id_foreign` (`purchase_transaction_id`);

--
-- Indexes for table `purchase_transactions`
--
ALTER TABLE `purchase_transactions`
  ADD PRIMARY KEY (`id`);

--
-- Indexes for table `purchase_transaction_items`
--
ALTER TABLE `purchase_transaction_items`
  ADD PRIMARY KEY (`id`),
  ADD KEY `purchase_transaction_items_purchase_transaction_id_foreign` (`purchase_transaction_id`);

--
-- Indexes for table `requested_sales_installment_payments`
--
ALTER TABLE `requested_sales_installment_payments`
  ADD PRIMARY KEY (`id`);

--
-- Indexes for table `requested_sales_transactions`
--
ALTER TABLE `requested_sales_transactions`
  ADD PRIMARY KEY (`id`);

--
-- Indexes for table `requested_sales_transaction_items`
--
ALTER TABLE `requested_sales_transaction_items`
  ADD PRIMARY KEY (`id`);

--
-- Indexes for table `requested_s_t_item_fbs`
--
ALTER TABLE `requested_s_t_item_fbs`
  ADD PRIMARY KEY (`id`),
  ADD KEY `requested_s_t_item_fbs_r_s_t_item_id_foreign` (`r_s_t_item_id`);

--
-- Indexes for table `request_logs`
--
ALTER TABLE `request_logs`
  ADD PRIMARY KEY (`id`);

--
-- Indexes for table `roles`
--
ALTER TABLE `roles`
  ADD PRIMARY KEY (`id`),
  ADD UNIQUE KEY `roles_name_unique` (`name`);

--
-- Indexes for table `role_user`
--
ALTER TABLE `role_user`
  ADD PRIMARY KEY (`user_id`,`role_id`),
  ADD KEY `role_user_role_id_foreign` (`role_id`);

--
-- Indexes for table `sales`
--
ALTER TABLE `sales`
  ADD PRIMARY KEY (`id`),
  ADD KEY `sales_user_id_foreign` (`user_id`),
  ADD KEY `sales_target_id_foreign` (`target_id`),
  ADD KEY `sales_company_id_foreign` (`company_id`),
  ADD KEY `sales_sales_category_id_foreign` (`sales_category_id`);

--
-- Indexes for table `sales_categories`
--
ALTER TABLE `sales_categories`
  ADD PRIMARY KEY (`id`);

--
-- Indexes for table `sales_installment_payments`
--
ALTER TABLE `sales_installment_payments`
  ADD PRIMARY KEY (`id`),
  ADD KEY `sales_installment_payments_sales_transaction_id_foreign` (`sales_transaction_id`);

--
-- Indexes for table `sales_transactions`
--
ALTER TABLE `sales_transactions`
  ADD PRIMARY KEY (`id`);

--
-- Indexes for table `sales_transactions_items`
--
ALTER TABLE `sales_transactions_items`
  ADD PRIMARY KEY (`id`),
  ADD KEY `sales_transactions_items_sales_transaction_id_foreign` (`sales_transaction_id`);

--
-- Indexes for table `sales_transactions_item_fbs`
--
ALTER TABLE `sales_transactions_item_fbs`
  ADD PRIMARY KEY (`id`);

--
-- Indexes for table `seo_packages`
--
ALTER TABLE `seo_packages`
  ADD PRIMARY KEY (`id`);

--
-- Indexes for table `shops`
--
ALTER TABLE `shops`
  ADD PRIMARY KEY (`id`);

--
-- Indexes for table `targets`
--
ALTER TABLE `targets`
  ADD PRIMARY KEY (`id`);

--
-- Indexes for table `tickets`
--
ALTER TABLE `tickets`
  ADD PRIMARY KEY (`id`);

--
-- Indexes for table `ticket_categories`
--
ALTER TABLE `ticket_categories`
  ADD PRIMARY KEY (`id`);

--
-- Indexes for table `ticket_comments`
--
ALTER TABLE `ticket_comments`
  ADD PRIMARY KEY (`id`);

--
-- Indexes for table `ticket_priorities`
--
ALTER TABLE `ticket_priorities`
  ADD PRIMARY KEY (`id`);

--
-- Indexes for table `ticket_statuses`
--
ALTER TABLE `ticket_statuses`
  ADD PRIMARY KEY (`id`);

--
-- Indexes for table `timely_notifications`
--
ALTER TABLE `timely_notifications`
  ADD PRIMARY KEY (`id`);

--
-- Indexes for table `users`
--
ALTER TABLE `users`
  ADD PRIMARY KEY (`id`);

--
-- Indexes for table `user_sales`
--
ALTER TABLE `user_sales`
  ADD PRIMARY KEY (`id`),
  ADD KEY `user_sales_user_id_foreign` (`user_id`),
  ADD KEY `user_sales_target_id_foreign` (`target_id`);

--
-- Indexes for table `user_targets`
--
ALTER TABLE `user_targets`
  ADD PRIMARY KEY (`id`),
  ADD KEY `user_targets_user_id_foreign` (`user_id`),
  ADD KEY `user_targets_target_id_foreign` (`target_id`);

--
-- Indexes for table `visit_categories`
--
ALTER TABLE `visit_categories`
  ADD PRIMARY KEY (`id`),
  ADD KEY `visit_categories_created_by_foreign` (`created_by`);

--
-- AUTO_INCREMENT for dumped tables
--

--
-- AUTO_INCREMENT for table `amc_packages`
--
ALTER TABLE `amc_packages`
  MODIFY `id` bigint(20) UNSIGNED NOT NULL AUTO_INCREMENT, AUTO_INCREMENT=4;

--
-- AUTO_INCREMENT for table `client_follow_ups`
--
ALTER TABLE `client_follow_ups`
  MODIFY `id` bigint(20) UNSIGNED NOT NULL AUTO_INCREMENT, AUTO_INCREMENT=2;

--
-- AUTO_INCREMENT for table `client_follow_up_by_admin`
--
ALTER TABLE `client_follow_up_by_admin`
  MODIFY `id` bigint(20) UNSIGNED NOT NULL AUTO_INCREMENT, AUTO_INCREMENT=3;

--
-- AUTO_INCREMENT for table `companies`
--
ALTER TABLE `companies`
  MODIFY `id` int(10) UNSIGNED NOT NULL AUTO_INCREMENT, AUTO_INCREMENT=124;

--
-- AUTO_INCREMENT for table `contact_numbers`
--
ALTER TABLE `contact_numbers`
  MODIFY `id` int(10) UNSIGNED NOT NULL AUTO_INCREMENT, AUTO_INCREMENT=125;

--
-- AUTO_INCREMENT for table `emails`
--
ALTER TABLE `emails`
  MODIFY `id` int(10) UNSIGNED NOT NULL AUTO_INCREMENT, AUTO_INCREMENT=307;

--
-- AUTO_INCREMENT for table `employee_details`
--
ALTER TABLE `employee_details`
  MODIFY `id` int(10) UNSIGNED NOT NULL AUTO_INCREMENT;

--
-- AUTO_INCREMENT for table `field_visitors`
--
ALTER TABLE `field_visitors`
  MODIFY `id` int(10) UNSIGNED NOT NULL AUTO_INCREMENT, AUTO_INCREMENT=243;

--
-- AUTO_INCREMENT for table `field_visits`
--
ALTER TABLE `field_visits`
  MODIFY `id` int(10) UNSIGNED NOT NULL AUTO_INCREMENT, AUTO_INCREMENT=188;

--
-- AUTO_INCREMENT for table `field_visit_contacts`
--
ALTER TABLE `field_visit_contacts`
  MODIFY `id` int(10) UNSIGNED NOT NULL AUTO_INCREMENT, AUTO_INCREMENT=258;

--
-- AUTO_INCREMENT for table `invoices`
--
ALTER TABLE `invoices`
  MODIFY `id` bigint(20) UNSIGNED NOT NULL AUTO_INCREMENT, AUTO_INCREMENT=18;

--
-- AUTO_INCREMENT for table `invoice_items`
--
ALTER TABLE `invoice_items`
  MODIFY `id` bigint(20) UNSIGNED NOT NULL AUTO_INCREMENT, AUTO_INCREMENT=112;

--
-- AUTO_INCREMENT for table `invoice_item_amounts`
--
ALTER TABLE `invoice_item_amounts`
  MODIFY `id` bigint(20) UNSIGNED NOT NULL AUTO_INCREMENT, AUTO_INCREMENT=31;

--
-- AUTO_INCREMENT for table `migrations`
--
ALTER TABLE `migrations`
  MODIFY `id` int(10) UNSIGNED NOT NULL AUTO_INCREMENT, AUTO_INCREMENT=184;

--
-- AUTO_INCREMENT for table `payment_methods`
--
ALTER TABLE `payment_methods`
  MODIFY `id` int(10) UNSIGNED NOT NULL AUTO_INCREMENT, AUTO_INCREMENT=6;

--
-- AUTO_INCREMENT for table `permissions`
--
ALTER TABLE `permissions`
  MODIFY `id` int(10) UNSIGNED NOT NULL AUTO_INCREMENT, AUTO_INCREMENT=9;

--
-- AUTO_INCREMENT for table `project_referred_relationships`
--
ALTER TABLE `project_referred_relationships`
  MODIFY `id` bigint(20) UNSIGNED NOT NULL AUTO_INCREMENT, AUTO_INCREMENT=5;

--
-- AUTO_INCREMENT for table `purchase_installment_payments`
--
ALTER TABLE `purchase_installment_payments`
  MODIFY `id` int(10) UNSIGNED NOT NULL AUTO_INCREMENT, AUTO_INCREMENT=2;

--
-- AUTO_INCREMENT for table `purchase_transactions`
--
ALTER TABLE `purchase_transactions`
  MODIFY `id` int(10) UNSIGNED NOT NULL AUTO_INCREMENT, AUTO_INCREMENT=2;

--
-- AUTO_INCREMENT for table `purchase_transaction_items`
--
ALTER TABLE `purchase_transaction_items`
  MODIFY `id` int(10) UNSIGNED NOT NULL AUTO_INCREMENT, AUTO_INCREMENT=3;

--
-- AUTO_INCREMENT for table `requested_sales_installment_payments`
--
ALTER TABLE `requested_sales_installment_payments`
  MODIFY `id` int(10) UNSIGNED NOT NULL AUTO_INCREMENT, AUTO_INCREMENT=18;

--
-- AUTO_INCREMENT for table `requested_sales_transactions`
--
ALTER TABLE `requested_sales_transactions`
  MODIFY `id` int(10) UNSIGNED NOT NULL AUTO_INCREMENT, AUTO_INCREMENT=16;

--
-- AUTO_INCREMENT for table `requested_sales_transaction_items`
--
ALTER TABLE `requested_sales_transaction_items`
  MODIFY `id` int(10) UNSIGNED NOT NULL AUTO_INCREMENT, AUTO_INCREMENT=29;

--
-- AUTO_INCREMENT for table `requested_s_t_item_fbs`
--
ALTER TABLE `requested_s_t_item_fbs`
  MODIFY `id` int(10) UNSIGNED NOT NULL AUTO_INCREMENT;

--
-- AUTO_INCREMENT for table `request_logs`
--
ALTER TABLE `request_logs`
  MODIFY `id` int(10) UNSIGNED NOT NULL AUTO_INCREMENT;

--
-- AUTO_INCREMENT for table `roles`
--
ALTER TABLE `roles`
  MODIFY `id` int(10) UNSIGNED NOT NULL AUTO_INCREMENT, AUTO_INCREMENT=12;

--
-- AUTO_INCREMENT for table `sales`
--
ALTER TABLE `sales`
  MODIFY `id` int(10) UNSIGNED NOT NULL AUTO_INCREMENT, AUTO_INCREMENT=5;

--
-- AUTO_INCREMENT for table `sales_categories`
--
ALTER TABLE `sales_categories`
  MODIFY `id` int(10) UNSIGNED NOT NULL AUTO_INCREMENT, AUTO_INCREMENT=15;

--
-- AUTO_INCREMENT for table `sales_installment_payments`
--
ALTER TABLE `sales_installment_payments`
  MODIFY `id` int(10) UNSIGNED NOT NULL AUTO_INCREMENT, AUTO_INCREMENT=42;

--
-- AUTO_INCREMENT for table `sales_transactions`
--
ALTER TABLE `sales_transactions`
  MODIFY `id` int(10) UNSIGNED NOT NULL AUTO_INCREMENT, AUTO_INCREMENT=16;

--
-- AUTO_INCREMENT for table `sales_transactions_items`
--
ALTER TABLE `sales_transactions_items`
  MODIFY `id` int(10) UNSIGNED NOT NULL AUTO_INCREMENT, AUTO_INCREMENT=45;

--
-- AUTO_INCREMENT for table `sales_transactions_item_fbs`
--
ALTER TABLE `sales_transactions_item_fbs`
  MODIFY `id` int(10) UNSIGNED NOT NULL AUTO_INCREMENT;

--
-- AUTO_INCREMENT for table `seo_packages`
--
ALTER TABLE `seo_packages`
  MODIFY `id` bigint(20) UNSIGNED NOT NULL AUTO_INCREMENT, AUTO_INCREMENT=9;

--
-- AUTO_INCREMENT for table `shops`
--
ALTER TABLE `shops`
  MODIFY `id` int(10) UNSIGNED NOT NULL AUTO_INCREMENT, AUTO_INCREMENT=5;

--
-- AUTO_INCREMENT for table `targets`
--
ALTER TABLE `targets`
  MODIFY `id` int(10) UNSIGNED NOT NULL AUTO_INCREMENT, AUTO_INCREMENT=5;

--
-- AUTO_INCREMENT for table `tickets`
--
ALTER TABLE `tickets`
  MODIFY `id` bigint(20) UNSIGNED NOT NULL AUTO_INCREMENT, AUTO_INCREMENT=16;

--
-- AUTO_INCREMENT for table `ticket_categories`
--
ALTER TABLE `ticket_categories`
  MODIFY `id` int(10) UNSIGNED NOT NULL AUTO_INCREMENT, AUTO_INCREMENT=4;

--
-- AUTO_INCREMENT for table `ticket_comments`
--
ALTER TABLE `ticket_comments`
  MODIFY `id` bigint(20) UNSIGNED NOT NULL AUTO_INCREMENT, AUTO_INCREMENT=8;

--
-- AUTO_INCREMENT for table `ticket_priorities`
--
ALTER TABLE `ticket_priorities`
  MODIFY `id` int(10) UNSIGNED NOT NULL AUTO_INCREMENT, AUTO_INCREMENT=4;

--
-- AUTO_INCREMENT for table `ticket_statuses`
--
ALTER TABLE `ticket_statuses`
  MODIFY `id` int(10) UNSIGNED NOT NULL AUTO_INCREMENT, AUTO_INCREMENT=3;

--
-- AUTO_INCREMENT for table `timely_notifications`
--
ALTER TABLE `timely_notifications`
  MODIFY `id` bigint(20) UNSIGNED NOT NULL AUTO_INCREMENT, AUTO_INCREMENT=34;

--
-- AUTO_INCREMENT for table `users`
--
ALTER TABLE `users`
  MODIFY `id` int(10) UNSIGNED NOT NULL AUTO_INCREMENT, AUTO_INCREMENT=54;

--
-- AUTO_INCREMENT for table `user_sales`
--
ALTER TABLE `user_sales`
  MODIFY `id` int(10) UNSIGNED NOT NULL AUTO_INCREMENT, AUTO_INCREMENT=4;

--
-- AUTO_INCREMENT for table `user_targets`
--
ALTER TABLE `user_targets`
  MODIFY `id` int(10) UNSIGNED NOT NULL AUTO_INCREMENT, AUTO_INCREMENT=21;

--
-- AUTO_INCREMENT for table `visit_categories`
--
ALTER TABLE `visit_categories`
  MODIFY `id` int(10) UNSIGNED NOT NULL AUTO_INCREMENT, AUTO_INCREMENT=11;

--
-- Constraints for dumped tables
--

--
-- Constraints for table `field_visitors`
--
ALTER TABLE `field_visitors`
  ADD CONSTRAINT `fk_field_visitors_field_visits1_idx` FOREIGN KEY (`field_visit_id`) REFERENCES `field_visits` (`id`) ON DELETE NO ACTION ON UPDATE NO ACTION;

--
-- Constraints for table `field_visits`
--
ALTER TABLE `field_visits`
  ADD CONSTRAINT `field_visits_assigned_by_foreign` FOREIGN KEY (`assigned_by`) REFERENCES `users` (`id`) ON DELETE CASCADE ON UPDATE CASCADE,
  ADD CONSTRAINT `field_visits_assigned_to_foreign` FOREIGN KEY (`assigned_to`) REFERENCES `users` (`id`) ON DELETE CASCADE ON UPDATE CASCADE,
  ADD CONSTRAINT `field_visits_company_id_foreign` FOREIGN KEY (`company_id`) REFERENCES `companies` (`id`) ON DELETE CASCADE ON UPDATE CASCADE,
  ADD CONSTRAINT `field_visits_targets_id_foreign` FOREIGN KEY (`targets_id`) REFERENCES `targets` (`id`) ON DELETE CASCADE ON UPDATE CASCADE,
  ADD CONSTRAINT `field_visits_user_id_foreign` FOREIGN KEY (`user_id`) REFERENCES `users` (`id`) ON DELETE CASCADE ON UPDATE CASCADE,
  ADD CONSTRAINT `field_visits_visit_category_id_foreign` FOREIGN KEY (`visit_category_id`) REFERENCES `visit_categories` (`id`) ON DELETE CASCADE ON UPDATE CASCADE;

--
-- Constraints for table `field_visit_contacts`
--
ALTER TABLE `field_visit_contacts`
  ADD CONSTRAINT `field_visit_contacts_field_visit_id_foreign` FOREIGN KEY (`field_visit_id`) REFERENCES `field_visits` (`id`) ON DELETE CASCADE ON UPDATE CASCADE;

--
-- Constraints for table `invoice_items`
--
ALTER TABLE `invoice_items`
  ADD CONSTRAINT `invoice_items_invoice_id_foreign` FOREIGN KEY (`invoice_id`) REFERENCES `invoices` (`id`) ON DELETE CASCADE ON UPDATE CASCADE;

--
-- Constraints for table `invoice_item_amounts`
--
ALTER TABLE `invoice_item_amounts`
  ADD CONSTRAINT `invoice_item_amounts_invoice_item_id_foreign` FOREIGN KEY (`invoice_item_id`) REFERENCES `invoice_items` (`id`) ON DELETE CASCADE ON UPDATE CASCADE;

--
-- Constraints for table `purchase_installment_payments`
--
ALTER TABLE `purchase_installment_payments`
  ADD CONSTRAINT `purchase_installment_payments_purchase_transaction_id_foreign` FOREIGN KEY (`purchase_transaction_id`) REFERENCES `purchase_transactions` (`id`) ON DELETE CASCADE;

--
-- Constraints for table `purchase_transaction_items`
--
ALTER TABLE `purchase_transaction_items`
  ADD CONSTRAINT `purchase_transaction_items_purchase_transaction_id_foreign` FOREIGN KEY (`purchase_transaction_id`) REFERENCES `purchase_transactions` (`id`) ON DELETE CASCADE;

--
-- Constraints for table `requested_s_t_item_fbs`
--
ALTER TABLE `requested_s_t_item_fbs`
  ADD CONSTRAINT `requested_s_t_item_fbs_r_s_t_item_id_foreign` FOREIGN KEY (`r_s_t_item_id`) REFERENCES `requested_sales_transaction_items` (`id`) ON DELETE CASCADE;

--
-- Constraints for table `sales`
--
ALTER TABLE `sales`
  ADD CONSTRAINT `sales_company_id_foreign` FOREIGN KEY (`company_id`) REFERENCES `companies` (`id`) ON DELETE CASCADE ON UPDATE CASCADE,
  ADD CONSTRAINT `sales_sales_category_id_foreign` FOREIGN KEY (`sales_category_id`) REFERENCES `sales_categories` (`id`) ON DELETE CASCADE ON UPDATE CASCADE,
  ADD CONSTRAINT `sales_target_id_foreign` FOREIGN KEY (`target_id`) REFERENCES `targets` (`id`) ON DELETE NO ACTION ON UPDATE CASCADE,
  ADD CONSTRAINT `sales_user_id_foreign` FOREIGN KEY (`user_id`) REFERENCES `users` (`id`) ON DELETE CASCADE ON UPDATE CASCADE;

--
-- Constraints for table `sales_installment_payments`
--
ALTER TABLE `sales_installment_payments`
  ADD CONSTRAINT `sales_installment_payments_sales_transaction_id_foreign` FOREIGN KEY (`sales_transaction_id`) REFERENCES `sales_transactions` (`id`) ON DELETE CASCADE;

--
-- Constraints for table `sales_transactions_items`
--
ALTER TABLE `sales_transactions_items`
  ADD CONSTRAINT `sales_transactions_items_sales_transaction_id_foreign` FOREIGN KEY (`sales_transaction_id`) REFERENCES `sales_transactions` (`id`) ON DELETE CASCADE;

--
-- Constraints for table `user_sales`
--
ALTER TABLE `user_sales`
  ADD CONSTRAINT `user_sales_target_id_foreign` FOREIGN KEY (`target_id`) REFERENCES `targets` (`id`) ON DELETE CASCADE ON UPDATE CASCADE,
  ADD CONSTRAINT `user_sales_user_id_foreign` FOREIGN KEY (`user_id`) REFERENCES `users` (`id`) ON DELETE CASCADE ON UPDATE CASCADE;

--
-- Constraints for table `user_targets`
--
ALTER TABLE `user_targets`
  ADD CONSTRAINT `user_targets_target_id_foreign` FOREIGN KEY (`target_id`) REFERENCES `targets` (`id`) ON DELETE CASCADE ON UPDATE CASCADE,
  ADD CONSTRAINT `user_targets_user_id_foreign` FOREIGN KEY (`user_id`) REFERENCES `users` (`id`) ON DELETE CASCADE ON UPDATE CASCADE;

--
-- Constraints for table `visit_categories`
--
ALTER TABLE `visit_categories`
  ADD CONSTRAINT `visit_categories_created_by_foreign` FOREIGN KEY (`created_by`) REFERENCES `users` (`id`) ON DELETE CASCADE ON UPDATE CASCADE;
COMMIT;

/*!40101 SET CHARACTER_SET_CLIENT=@OLD_CHARACTER_SET_CLIENT */;
/*!40101 SET CHARACTER_SET_RESULTS=@OLD_CHARACTER_SET_RESULTS */;
/*!40101 SET COLLATION_CONNECTION=@OLD_COLLATION_CONNECTION */;
